Label,,,,,,,,,,,,,,,,,,,,,,,,,,,,,,,,,,,,,,,,,,,,,,,,,,,,,,,,,,,,,,,,,,,,,,,,,,,,,,,,,,,,,,,,,,,,,,,,,,,,,
Info,,,,,,,,,,,,,,,,,,,,,,,,,,,,,,,,,,,,,,,,,,,,,,,,,,,,,,,,,,,,,,,,,,,,,,,,,,,,,,,,,,,,,,,,,,,,,,,,,,,,,
Time,Blank,1,2,3,4,5,6,7,8,9,10,11,12,13,14,15,16,17,18,19,20,21,22,23,24,25,26,27,28,29,30,31,32,33,34,35,36,37,38,39,40,41,42,43,44,45,46,47,48,49,50,51,52,53,54,55,56,57,58,59,60,61,62,63,64,65,66,67,68,69,70,71,72,73,74,75,76,77,78,79,80,81,82,83,84,85,86,87,88,89,90,91,92,93,94,95,96,97,98,99,100
0:01:14,0,0.116,0.111,0.116,0.119,0.109,0.109,0.116,0.107,0.118,0.117,0.111,0.113,0.132,0.134,0.139,0.113,0.137,0.111,0.139,0.121,0.111,0.135,0.135,0.11,0.134,0.131,0.133,0.135,0.137,0.113,0.111,0.11,0.134,0.13,0.135,0.134,0.119,0.132,0.113,0.111,0.112,0.121,0.137,0.135,0.119,0.133,0.12,0.139,0.134,0.114,0.112,0.136,0.143,0.118,0.137,0.116,0.135,0.137,0.137,0.118,0.119,0.136,0.135,0.139,0.133,0.123,0.138,0.135,0.135,0.12,0.113,0.133,0.133,0.134,0.145,0.14,0.113,0.136,0.121,0.118,0.113,0.135,0.131,0.134,0.133,0.119,0.134,0.133,0.14,0.114,0.119,0.12,0.123,0.113,0.12,0.114,0.123,0.121,0.12,0.114
0:30:06,0,0.124,0.116,0.119,0.121,0.111,0.11,0.119,0.11,0.116,0.146,0.166,0.164,0.177,0.181,0.183,0.161,0.185,0.164,0.189,0.174,0.167,0.183,0.181,0.159,0.181,0.182,0.177,0.183,0.184,0.17,0.166,0.162,0.182,0.177,0.18,0.181,0.171,0.183,0.173,0.175,0.166,0.17,0.182,0.181,0.167,0.176,0.17,0.183,0.18,0.167,0.165,0.184,0.188,0.169,0.187,0.165,0.184,0.186,0.188,0.176,0.172,0.183,0.184,0.185,0.182,0.173,0.184,0.181,0.182,0.171,0.167,0.186,0.183,0.188,0.199,0.192,0.169,0.184,0.173,0.173,0.164,0.184,0.183,0.184,0.183,0.17,0.182,0.18,0.183,0.163,0.172,0.175,0.179,0.172,0.177,0.172,0.176,0.173,0.172,0.164
1:00:06,0,0.124,0.111,0.119,0.121,0.102,0.101,0.119,0.103,0.123,0.122,0.114,0.109,0.119,0.134,0.129,0.104,0.144,0.114,0.143,0.14,0.118,0.137,0.124,0.1,0.135,0.135,0.122,0.139,0.133,0.116,0.113,0.108,0.135,0.122,0.124,0.125,0.125,0.136,0.117,0.125,0.111,0.122,0.135,0.133,0.119,0.121,0.123,0.128,0.13,0.114,0.114,0.133,0.135,0.122,0.142,0.112,0.139,0.139,0.135,0.129,0.123,0.135,0.131,0.138,0.132,0.125,0.136,0.133,0.132,0.125,0.12,0.139,0.139,0.145,0.155,0.147,0.116,0.139,0.128,0.125,0.118,0.139,0.137,0.137,0.137,0.124,0.137,0.134,0.139,0.115,0.124,0.127,0.13,0.122,0.129,0.122,0.129,0.125,0.125,0.115
1:30:06,0,0.131,0.107,0.128,0.129,0.1,0.097,0.13,0.1,0.13,0.128,0.11,0.1,0.115,0.139,0.124,0.096,0.149,0.102,0.138,0.143,0.114,0.144,0.119,0.095,0.14,0.144,0.119,0.148,0.128,0.114,0.108,0.101,0.141,0.117,0.122,0.121,0.131,0.144,0.114,0.123,0.106,0.127,0.14,0.139,0.123,0.118,0.129,0.123,0.128,0.115,0.113,0.128,0.128,0.126,0.15,0.104,0.148,0.147,0.132,0.136,0.126,0.14,0.126,0.144,0.132,0.132,0.144,0.14,0.134,0.133,0.116,0.137,0.143,0.149,0.153,0.156,0.115,0.146,0.133,0.132,0.116,0.142,0.139,0.139,0.139,0.128,0.143,0.135,0.144,0.114,0.126,0.131,0.135,0.124,0.133,0.126,0.133,0.128,0.128,0.114
2:00:06,0,0.122,0.094,0.121,0.123,0.086,0.085,0.122,0.086,0.121,0.119,0.093,0.087,0.105,0.131,0.113,0.086,0.143,0.087,0.121,0.127,0.095,0.133,0.109,0.085,0.131,0.132,0.107,0.138,0.113,0.093,0.091,0.086,0.131,0.105,0.109,0.11,0.121,0.135,0.094,0.097,0.093,0.115,0.13,0.13,0.113,0.106,0.117,0.11,0.112,0.095,0.094,0.112,0.113,0.115,0.142,0.09,0.139,0.136,0.114,0.122,0.115,0.129,0.109,0.134,0.114,0.119,0.131,0.129,0.114,0.118,0.099,0.119,0.132,0.14,0.135,0.148,0.094,0.135,0.122,0.12,0.101,0.131,0.126,0.125,0.127,0.115,0.13,0.121,0.132,0.097,0.116,0.119,0.123,0.112,0.121,0.113,0.122,0.118,0.116,0.097
2:30:06,0,0.122,0.091,0.121,0.124,0.085,0.085,0.122,0.084,0.117,0.114,0.084,0.081,0.101,0.128,0.108,0.081,0.144,0.081,0.111,0.123,0.087,0.131,0.104,0.079,0.128,0.13,0.102,0.138,0.107,0.085,0.083,0.079,0.127,0.102,0.104,0.104,0.115,0.129,0.086,0.087,0.087,0.11,0.127,0.126,0.107,0.101,0.111,0.104,0.106,0.086,0.085,0.106,0.108,0.11,0.142,0.084,0.137,0.133,0.106,0.117,0.109,0.125,0.103,0.13,0.106,0.113,0.127,0.124,0.106,0.112,0.088,0.11,0.128,0.138,0.124,0.148,0.085,0.131,0.116,0.114,0.091,0.127,0.111,0.115,0.12,0.11,0.127,0.11,0.129,0.086,0.111,0.115,0.118,0.106,0.116,0.107,0.116,0.112,0.111,0.087
3:00:06,0,0.125,0.092,0.124,0.127,0.087,0.087,0.127,0.085,0.119,0.117,0.084,0.082,0.103,0.132,0.11,0.082,0.15,0.082,0.113,0.126,0.088,0.137,0.105,0.08,0.132,0.136,0.104,0.146,0.109,0.087,0.083,0.081,0.133,0.103,0.105,0.106,0.119,0.136,0.087,0.089,0.089,0.113,0.131,0.13,0.11,0.103,0.117,0.106,0.108,0.086,0.085,0.107,0.11,0.114,0.151,0.085,0.146,0.14,0.107,0.122,0.113,0.13,0.104,0.136,0.108,0.118,0.134,0.13,0.108,0.117,0.087,0.111,0.135,0.146,0.122,0.156,0.086,0.136,0.12,0.118,0.09,0.132,0.111,0.113,0.118,0.115,0.134,0.109,0.136,0.086,0.113,0.118,0.122,0.108,0.119,0.11,0.119,0.114,0.114,0.088
3:30:06,0,0.121,0.089,0.12,0.125,0.084,0.084,0.122,0.083,0.115,0.113,0.082,0.079,0.101,0.132,0.108,0.079,0.154,0.079,0.111,0.12,0.085,0.134,0.104,0.078,0.132,0.134,0.102,0.147,0.107,0.083,0.08,0.077,0.13,0.101,0.103,0.105,0.115,0.133,0.084,0.084,0.085,0.108,0.129,0.129,0.106,0.1,0.11,0.103,0.106,0.082,0.081,0.106,0.108,0.109,0.152,0.082,0.146,0.137,0.105,0.115,0.108,0.126,0.101,0.133,0.106,0.111,0.129,0.126,0.105,0.11,0.084,0.109,0.132,0.146,0.119,0.157,0.083,0.133,0.114,0.112,0.086,0.13,0.11,0.107,0.112,0.109,0.129,0.106,0.133,0.082,0.109,0.112,0.116,0.103,0.114,0.104,0.114,0.11,0.11,0.084
4:00:06,0,0.129,0.094,0.126,0.13,0.088,0.089,0.131,0.088,0.121,0.118,0.084,0.082,0.105,0.14,0.112,0.082,0.166,0.08,0.113,0.128,0.088,0.144,0.108,0.081,0.139,0.145,0.108,0.159,0.111,0.087,0.083,0.08,0.139,0.105,0.107,0.108,0.12,0.14,0.087,0.087,0.088,0.112,0.136,0.136,0.11,0.105,0.117,0.107,0.111,0.085,0.084,0.11,0.113,0.114,0.164,0.085,0.157,0.145,0.108,0.122,0.113,0.134,0.106,0.142,0.111,0.117,0.139,0.134,0.111,0.116,0.087,0.114,0.14,0.156,0.122,0.168,0.087,0.139,0.118,0.116,0.089,0.138,0.114,0.111,0.115,0.115,0.139,0.111,0.143,0.085,0.113,0.119,0.123,0.107,0.12,0.109,0.12,0.115,0.115,0.087
4:30:06,0,0.123,0.091,0.12,0.126,0.085,0.085,0.125,0.084,0.116,0.12,0.086,0.083,0.108,0.144,0.116,0.084,0.175,0.083,0.118,0.126,0.089,0.146,0.112,0.083,0.144,0.146,0.11,0.164,0.114,0.088,0.085,0.082,0.142,0.109,0.111,0.112,0.12,0.144,0.088,0.089,0.089,0.112,0.139,0.141,0.111,0.107,0.116,0.11,0.113,0.087,0.086,0.114,0.115,0.114,0.172,0.087,0.164,0.149,0.11,0.12,0.112,0.136,0.108,0.146,0.114,0.115,0.14,0.136,0.115,0.114,0.089,0.118,0.144,0.163,0.125,0.176,0.088,0.143,0.118,0.116,0.09,0.14,0.119,0.113,0.117,0.114,0.141,0.113,0.147,0.086,0.114,0.118,0.121,0.107,0.12,0.108,0.12,0.115,0.115,0.088
5:00:06,0,0.123,0.09,0.12,0.125,0.085,0.085,0.124,0.084,0.115,0.115,0.081,0.079,0.105,0.145,0.113,0.079,0.18,0.079,0.116,0.121,0.085,0.147,0.107,0.077,0.144,0.147,0.106,0.168,0.11,0.082,0.08,0.077,0.14,0.106,0.107,0.108,0.115,0.142,0.083,0.083,0.084,0.107,0.138,0.14,0.105,0.104,0.11,0.106,0.11,0.082,0.081,0.11,0.111,0.109,0.176,0.081,0.166,0.149,0.106,0.115,0.107,0.134,0.104,0.147,0.111,0.11,0.138,0.134,0.111,0.109,0.084,0.115,0.145,0.165,0.121,0.18,0.083,0.142,0.112,0.112,0.084,0.139,0.112,0.109,0.114,0.108,0.138,0.11,0.147,0.08,0.108,0.112,0.116,0.101,0.114,0.103,0.115,0.11,0.11,0.083
5:30:06,0,0.127,0.095,0.124,0.13,0.09,0.09,0.128,0.09,0.123,0.123,0.089,0.088,0.116,0.16,0.124,0.088,0.199,0.087,0.127,0.131,0.093,0.162,0.118,0.086,0.158,0.161,0.117,0.184,0.12,0.092,0.089,0.085,0.154,0.116,0.117,0.118,0.123,0.154,0.092,0.092,0.093,0.115,0.152,0.155,0.114,0.114,0.119,0.116,0.121,0.091,0.09,0.121,0.121,0.117,0.195,0.09,0.183,0.164,0.117,0.124,0.116,0.147,0.114,0.162,0.122,0.118,0.152,0.147,0.123,0.117,0.093,0.126,0.159,0.181,0.132,0.198,0.092,0.155,0.121,0.119,0.093,0.153,0.128,0.12,0.125,0.117,0.152,0.121,0.163,0.09,0.117,0.121,0.124,0.109,0.123,0.109,0.123,0.119,0.118,0.092
6:00:06,0,0.133,0.093,0.128,0.133,0.088,0.088,0.134,0.087,0.123,0.126,0.086,0.083,0.113,0.17,0.123,0.084,0.217,0.087,0.126,0.14,0.089,0.17,0.116,0.082,0.164,0.17,0.115,0.195,0.118,0.086,0.085,0.083,0.163,0.117,0.116,0.121,0.127,0.165,0.091,0.09,0.09,0.114,0.157,0.161,0.113,0.113,0.12,0.114,0.12,0.087,0.087,0.121,0.12,0.12,0.208,0.087,0.197,0.176,0.114,0.13,0.116,0.155,0.112,0.172,0.121,0.122,0.162,0.156,0.122,0.123,0.09,0.126,0.17,0.193,0.133,0.213,0.089,0.166,0.124,0.122,0.089,0.161,0.125,0.119,0.124,0.119,0.163,0.12,0.173,0.086,0.118,0.124,0.127,0.11,0.126,0.111,0.127,0.122,0.121,0.088
6:30:06,0,0.129,0.094,0.124,0.128,0.089,0.089,0.128,0.088,0.117,0.117,0.084,0.082,0.114,0.172,0.124,0.082,0.221,0.081,0.128,0.127,0.088,0.172,0.116,0.081,0.167,0.172,0.116,0.201,0.119,0.085,0.083,0.08,0.162,0.116,0.116,0.117,0.118,0.161,0.086,0.087,0.088,0.11,0.159,0.164,0.109,0.113,0.114,0.114,0.121,0.085,0.085,0.122,0.12,0.112,0.214,0.084,0.198,0.173,0.114,0.119,0.111,0.153,0.112,0.173,0.121,0.113,0.162,0.153,0.123,0.113,0.088,0.127,0.17,0.197,0.131,0.218,0.086,0.163,0.116,0.115,0.087,0.162,0.124,0.118,0.125,0.112,0.161,0.121,0.174,0.084,0.113,0.117,0.12,0.103,0.119,0.105,0.119,0.114,0.114,0.085
7:00:06,0,0.13,0.095,0.126,0.13,0.09,0.091,0.134,0.09,0.125,0.126,0.089,0.087,0.121,0.187,0.133,0.087,0.243,0.087,0.136,0.137,0.093,0.19,0.123,0.086,0.181,0.191,0.125,0.224,0.128,0.092,0.087,0.084,0.176,0.124,0.123,0.124,0.125,0.175,0.091,0.092,0.093,0.116,0.171,0.176,0.113,0.121,0.122,0.121,0.13,0.09,0.088,0.129,0.126,0.118,0.235,0.089,0.217,0.187,0.12,0.128,0.117,0.166,0.117,0.188,0.128,0.12,0.177,0.166,0.131,0.121,0.092,0.135,0.185,0.214,0.138,0.238,0.091,0.176,0.122,0.122,0.092,0.175,0.134,0.123,0.132,0.119,0.175,0.128,0.19,0.088,0.116,0.122,0.127,0.108,0.124,0.109,0.124,0.119,0.12,0.09
7:30:06,0,0.128,0.096,0.124,0.129,0.09,0.09,0.129,0.089,0.124,0.123,0.09,0.086,0.123,0.196,0.135,0.087,0.256,0.086,0.14,0.131,0.093,0.197,0.127,0.086,0.189,0.197,0.126,0.233,0.13,0.091,0.088,0.084,0.182,0.125,0.126,0.128,0.124,0.179,0.091,0.093,0.093,0.114,0.178,0.184,0.113,0.123,0.119,0.123,0.133,0.09,0.089,0.133,0.129,0.117,0.249,0.09,0.229,0.195,0.122,0.124,0.115,0.17,0.119,0.198,0.131,0.117,0.182,0.17,0.135,0.117,0.092,0.139,0.194,0.227,0.143,0.253,0.091,0.182,0.12,0.119,0.091,0.182,0.136,0.125,0.136,0.116,0.181,0.131,0.2,0.089,0.117,0.12,0.124,0.107,0.123,0.108,0.123,0.118,0.118,0.091
8:00:06,0,0.127,0.094,0.122,0.127,0.088,0.088,0.126,0.087,0.12,0.121,0.088,0.086,0.126,0.208,0.138,0.086,0.276,0.086,0.144,0.13,0.093,0.209,0.129,0.085,0.198,0.208,0.128,0.246,0.132,0.089,0.087,0.084,0.19,0.129,0.128,0.129,0.123,0.186,0.09,0.092,0.093,0.114,0.186,0.194,0.112,0.126,0.117,0.126,0.136,0.089,0.088,0.136,0.132,0.115,0.266,0.089,0.243,0.203,0.123,0.123,0.114,0.178,0.121,0.21,0.134,0.117,0.191,0.178,0.138,0.117,0.092,0.143,0.206,0.241,0.144,0.271,0.09,0.19,0.119,0.118,0.091,0.191,0.141,0.127,0.139,0.117,0.191,0.134,0.213,0.088,0.117,0.12,0.124,0.106,0.122,0.106,0.122,0.118,0.118,0.09
8:30:06,0,0.13,0.098,0.125,0.129,0.091,0.092,0.129,0.091,0.124,0.125,0.093,0.091,0.135,0.226,0.148,0.091,0.301,0.09,0.152,0.135,0.097,0.228,0.138,0.09,0.214,0.225,0.137,0.268,0.14,0.095,0.092,0.089,0.204,0.137,0.136,0.138,0.126,0.199,0.095,0.098,0.098,0.117,0.201,0.21,0.115,0.134,0.121,0.133,0.145,0.094,0.093,0.145,0.14,0.119,0.291,0.094,0.263,0.219,0.131,0.127,0.118,0.191,0.127,0.229,0.143,0.121,0.207,0.191,0.148,0.121,0.096,0.152,0.223,0.261,0.151,0.295,0.095,0.204,0.122,0.121,0.095,0.206,0.148,0.134,0.148,0.12,0.205,0.142,0.231,0.093,0.12,0.124,0.127,0.11,0.126,0.11,0.126,0.121,0.121,0.096
9:00:06,0,0.129,0.097,0.125,0.13,0.09,0.091,0.134,0.091,0.124,0.129,0.091,0.088,0.135,0.243,0.15,0.089,0.327,0.088,0.155,0.14,0.094,0.243,0.14,0.087,0.227,0.249,0.151,0.3,0.153,0.103,0.099,0.096,0.226,0.148,0.148,0.149,0.135,0.218,0.103,0.107,0.106,0.125,0.22,0.231,0.123,0.145,0.133,0.144,0.158,0.101,0.1,0.158,0.152,0.126,0.324,0.1,0.291,0.241,0.14,0.138,0.127,0.21,0.137,0.255,0.154,0.13,0.232,0.211,0.161,0.131,0.102,0.164,0.248,0.289,0.162,0.328,0.101,0.224,0.131,0.132,0.103,0.228,0.161,0.143,0.159,0.129,0.229,0.154,0.259,0.1,0.128,0.133,0.138,0.117,0.135,0.119,0.135,0.131,0.131,0.102
9:30:06,0,0.121,0.09,0.117,0.121,0.084,0.084,0.122,0.083,0.116,0.117,0.083,0.08,0.131,0.251,0.147,0.081,0.346,0.08,0.152,0.122,0.085,0.252,0.137,0.079,0.231,0.246,0.136,0.302,0.139,0.085,0.082,0.078,0.219,0.135,0.135,0.135,0.115,0.211,0.084,0.088,0.087,0.106,0.215,0.227,0.105,0.131,0.111,0.129,0.144,0.083,0.082,0.145,0.137,0.108,0.335,0.082,0.295,0.238,0.125,0.117,0.107,0.201,0.122,0.256,0.141,0.109,0.225,0.202,0.146,0.109,0.085,0.152,0.248,0.294,0.148,0.339,0.084,0.219,0.113,0.113,0.085,0.223,0.146,0.127,0.146,0.109,0.223,0.139,0.258,0.082,0.109,0.113,0.117,0.097,0.115,0.096,0.116,0.112,0.111,0.086
10:00:06,0,0.129,0.095,0.124,0.128,0.089,0.09,0.132,0.089,0.123,0.127,0.092,0.089,0.144,0.284,0.16,0.089,0.392,0.088,0.167,0.139,0.094,0.283,0.147,0.087,0.257,0.279,0.148,0.341,0.152,0.093,0.089,0.086,0.245,0.146,0.147,0.147,0.125,0.233,0.093,0.095,0.095,0.116,0.239,0.254,0.113,0.145,0.124,0.142,0.158,0.092,0.09,0.16,0.151,0.116,0.379,0.09,0.332,0.264,0.137,0.129,0.118,0.224,0.133,0.289,0.154,0.12,0.256,0.227,0.162,0.121,0.092,0.165,0.279,0.33,0.163,0.381,0.092,0.243,0.122,0.122,0.092,0.25,0.159,0.14,0.161,0.119,0.251,0.153,0.293,0.09,0.118,0.124,0.128,0.106,0.125,0.105,0.126,0.12,0.122,0.094
10:30:06,0,0.131,0.097,0.126,0.13,0.09,0.092,0.134,0.09,0.125,0.128,0.089,0.086,0.147,0.308,0.165,0.086,0.431,0.086,0.169,0.141,0.092,0.308,0.153,0.085,0.276,0.302,0.152,0.372,0.156,0.092,0.088,0.085,0.262,0.15,0.151,0.149,0.124,0.248,0.092,0.095,0.092,0.114,0.256,0.271,0.112,0.147,0.121,0.144,0.162,0.091,0.088,0.164,0.154,0.115,0.417,0.089,0.363,0.284,0.139,0.127,0.116,0.238,0.135,0.315,0.157,0.119,0.275,0.241,0.166,0.12,0.091,0.17,0.304,0.361,0.164,0.42,0.09,0.261,0.122,0.122,0.092,0.269,0.162,0.142,0.163,0.118,0.269,0.156,0.32,0.088,0.117,0.122,0.126,0.102,0.123,0.102,0.124,0.118,0.119,0.09
11:00:06,0,0.134,0.101,0.128,0.132,0.094,0.095,0.136,0.095,0.132,0.132,0.095,0.092,0.156,0.342,0.174,0.092,0.481,0.091,0.184,0.146,0.098,0.342,0.161,0.09,0.302,0.335,0.162,0.414,0.166,0.097,0.093,0.09,0.287,0.16,0.16,0.159,0.128,0.27,0.096,0.102,0.099,0.119,0.282,0.299,0.116,0.156,0.126,0.155,0.172,0.096,0.094,0.175,0.164,0.119,0.465,0.094,0.403,0.31,0.148,0.132,0.12,0.259,0.143,0.352,0.168,0.123,0.304,0.263,0.177,0.124,0.096,0.181,0.337,0.401,0.174,0.468,0.095,0.286,0.125,0.126,0.097,0.297,0.176,0.15,0.172,0.123,0.297,0.167,0.357,0.093,0.121,0.127,0.132,0.109,0.13,0.112,0.13,0.124,0.125,0.096
11:30:06,0,0.133,0.099,0.127,0.131,0.092,0.093,0.135,0.092,0.13,0.132,0.096,0.093,0.163,0.378,0.182,0.093,0.531,0.092,0.193,0.147,0.099,0.377,0.169,0.091,0.329,0.37,0.168,0.457,0.173,0.098,0.095,0.091,0.313,0.166,0.166,0.164,0.129,0.292,0.098,0.101,0.098,0.12,0.309,0.326,0.118,0.163,0.129,0.162,0.181,0.098,0.095,0.183,0.172,0.121,0.516,0.095,0.447,0.339,0.155,0.134,0.122,0.282,0.149,0.39,0.174,0.125,0.334,0.286,0.185,0.126,0.098,0.186,0.374,0.445,0.179,0.519,0.096,0.313,0.127,0.128,0.097,0.324,0.18,0.156,0.181,0.124,0.324,0.174,0.395,0.094,0.123,0.129,0.132,0.11,0.131,0.108,0.13,0.125,0.127,0.097
12:00:06,0,0.128,0.098,0.123,0.126,0.091,0.092,0.13,0.091,0.125,0.127,0.096,0.093,0.168,0.415,0.187,0.093,0.579,0.092,0.199,0.141,0.098,0.412,0.173,0.09,0.353,0.404,0.173,0.499,0.177,0.097,0.094,0.091,0.34,0.17,0.171,0.168,0.125,0.312,0.096,0.1,0.099,0.119,0.336,0.355,0.117,0.167,0.126,0.166,0.185,0.097,0.095,0.187,0.176,0.117,0.562,0.094,0.488,0.366,0.158,0.129,0.121,0.302,0.153,0.43,0.178,0.122,0.364,0.308,0.189,0.123,0.097,0.193,0.41,0.486,0.18,0.566,0.095,0.337,0.123,0.124,0.098,0.353,0.184,0.159,0.184,0.12,0.351,0.177,0.435,0.094,0.12,0.124,0.128,0.106,0.126,0.105,0.125,0.121,0.122,0.097
12:30:06,0,0.135,0.1,0.128,0.131,0.093,0.094,0.135,0.092,0.131,0.133,0.098,0.094,0.176,0.463,0.195,0.094,0.633,0.094,0.207,0.148,0.102,0.462,0.183,0.093,0.392,0.454,0.181,0.555,0.189,0.101,0.097,0.093,0.381,0.178,0.18,0.177,0.132,0.348,0.101,0.107,0.102,0.123,0.374,0.392,0.12,0.175,0.132,0.174,0.195,0.1,0.097,0.195,0.185,0.123,0.619,0.097,0.543,0.405,0.167,0.138,0.125,0.335,0.161,0.482,0.186,0.128,0.405,0.341,0.199,0.128,0.099,0.197,0.461,0.54,0.188,0.621,0.098,0.377,0.129,0.13,0.101,0.393,0.19,0.165,0.19,0.126,0.392,0.186,0.489,0.096,0.125,0.13,0.134,0.114,0.132,0.114,0.131,0.126,0.128,0.1
13:00:06,0,0.129,0.097,0.124,0.126,0.089,0.09,0.126,0.089,0.124,0.123,0.093,0.089,0.176,0.507,0.195,0.089,0.67,0.089,0.208,0.137,0.097,0.504,0.183,0.088,0.423,0.496,0.179,0.595,0.185,0.095,0.092,0.087,0.414,0.178,0.181,0.177,0.126,0.375,0.095,0.098,0.095,0.115,0.408,0.422,0.114,0.175,0.121,0.173,0.194,0.094,0.092,0.195,0.184,0.116,0.656,0.091,0.585,0.436,0.167,0.128,0.118,0.362,0.16,0.528,0.184,0.12,0.439,0.367,0.199,0.122,0.094,0.195,0.504,0.58,0.193,0.659,0.093,0.412,0.122,0.122,0.094,0.426,0.189,0.164,0.19,0.118,0.422,0.184,0.533,0.092,0.119,0.124,0.127,0.107,0.126,0.103,0.126,0.121,0.121,0.094
13:30:06,0,0.136,0.1,0.129,0.132,0.091,0.093,0.136,0.091,0.128,0.134,0.094,0.09,0.187,0.567,0.206,0.09,0.712,0.09,0.214,0.148,0.098,0.562,0.193,0.089,0.469,0.554,0.19,0.648,0.195,0.097,0.093,0.089,0.465,0.187,0.19,0.185,0.13,0.418,0.097,0.102,0.097,0.119,0.457,0.468,0.116,0.183,0.127,0.177,0.204,0.096,0.093,0.201,0.19,0.118,0.698,0.093,0.632,0.481,0.171,0.134,0.121,0.404,0.167,0.585,0.19,0.124,0.493,0.411,0.207,0.126,0.094,0.206,0.561,0.627,0.201,0.7,0.094,0.461,0.126,0.128,0.096,0.474,0.195,0.17,0.197,0.123,0.472,0.192,0.593,0.093,0.121,0.127,0.131,0.11,0.13,0.104,0.128,0.123,0.125,0.096
14:00:06,0,0.132,0.1,0.126,0.128,0.092,0.092,0.128,0.09,0.123,0.126,0.094,0.088,0.188,0.61,0.208,0.089,0.736,0.088,0.222,0.136,0.097,0.609,0.197,0.088,0.508,0.597,0.191,0.681,0.2,0.095,0.092,0.087,0.509,0.192,0.195,0.188,0.124,0.457,0.094,0.1,0.095,0.115,0.503,0.509,0.113,0.185,0.121,0.184,0.209,0.094,0.092,0.207,0.195,0.116,0.723,0.091,0.665,0.521,0.178,0.127,0.117,0.442,0.17,0.633,0.196,0.119,0.539,0.45,0.211,0.121,0.094,0.206,0.608,0.66,0.202,0.726,0.092,0.506,0.121,0.122,0.094,0.519,0.2,0.172,0.2,0.117,0.516,0.197,0.637,0.09,0.119,0.124,0.127,0.105,0.126,0.103,0.124,0.12,0.121,0.094
14:30:06,0,0.136,0.101,0.127,0.131,0.093,0.094,0.133,0.093,0.128,0.132,0.095,0.091,0.198,0.664,0.22,0.091,0.765,0.091,0.23,0.148,0.1,0.662,0.208,0.089,0.558,0.651,0.202,0.72,0.211,0.099,0.093,0.089,0.564,0.201,0.206,0.196,0.129,0.508,0.097,0.103,0.099,0.119,0.555,0.557,0.117,0.195,0.129,0.19,0.221,0.096,0.094,0.215,0.203,0.12,0.752,0.093,0.702,0.571,0.185,0.136,0.121,0.492,0.178,0.682,0.204,0.124,0.599,0.503,0.223,0.125,0.095,0.217,0.66,0.694,0.21,0.754,0.094,0.56,0.127,0.129,0.095,0.572,0.205,0.179,0.209,0.122,0.572,0.205,0.684,0.093,0.122,0.128,0.132,0.109,0.13,0.106,0.13,0.124,0.126,0.096
15:00:06,0,0.134,0.1,0.128,0.131,0.093,0.093,0.131,0.093,0.13,0.131,0.097,0.092,0.208,0.705,0.231,0.093,0.785,0.093,0.235,0.143,0.1,0.703,0.217,0.092,0.602,0.69,0.209,0.744,0.215,0.1,0.096,0.091,0.611,0.211,0.214,0.206,0.13,0.556,0.099,0.101,0.098,0.119,0.602,0.601,0.118,0.205,0.126,0.198,0.23,0.098,0.095,0.224,0.21,0.12,0.772,0.096,0.728,0.613,0.191,0.133,0.122,0.539,0.183,0.721,0.213,0.124,0.649,0.55,0.232,0.126,0.098,0.227,0.701,0.721,0.214,0.775,0.096,0.605,0.127,0.128,0.096,0.623,0.212,0.188,0.217,0.123,0.62,0.214,0.721,0.096,0.125,0.129,0.133,0.11,0.132,0.114,0.131,0.126,0.127,0.098
15:30:06,0,0.132,0.098,0.125,0.127,0.09,0.091,0.126,0.09,0.123,0.124,0.093,0.088,0.211,0.732,0.236,0.089,0.799,0.088,0.237,0.138,0.098,0.734,0.22,0.087,0.638,0.718,0.215,0.763,0.219,0.095,0.092,0.086,0.647,0.216,0.219,0.21,0.125,0.596,0.094,0.095,0.093,0.115,0.637,0.636,0.113,0.209,0.121,0.196,0.235,0.093,0.092,0.228,0.212,0.116,0.786,0.091,0.745,0.649,0.193,0.128,0.117,0.579,0.186,0.747,0.215,0.119,0.689,0.591,0.237,0.12,0.094,0.229,0.727,0.737,0.216,0.789,0.092,0.64,0.121,0.122,0.092,0.662,0.215,0.186,0.22,0.118,0.659,0.217,0.746,0.09,0.12,0.125,0.128,0.106,0.127,0.103,0.126,0.121,0.121,0.093
16:00:06,0,0.132,0.099,0.126,0.128,0.091,0.092,0.127,0.091,0.124,0.126,0.094,0.089,0.222,0.757,0.249,0.089,0.813,0.089,0.25,0.136,0.096,0.757,0.23,0.088,0.673,0.742,0.223,0.781,0.228,0.095,0.092,0.087,0.68,0.226,0.228,0.218,0.125,0.636,0.095,0.099,0.094,0.115,0.668,0.67,0.114,0.219,0.122,0.206,0.245,0.094,0.092,0.236,0.22,0.116,0.8,0.091,0.762,0.681,0.199,0.128,0.117,0.618,0.191,0.771,0.227,0.119,0.727,0.632,0.246,0.12,0.094,0.238,0.752,0.754,0.231,0.804,0.092,0.672,0.122,0.121,0.092,0.698,0.23,0.192,0.23,0.118,0.697,0.225,0.769,0.09,0.12,0.125,0.128,0.107,0.127,0.108,0.127,0.121,0.123,0.094
16:30:06,0,0.134,0.101,0.127,0.129,0.093,0.093,0.128,0.092,0.126,0.127,0.094,0.09,0.234,0.779,0.261,0.09,0.829,0.089,0.262,0.137,0.098,0.783,0.238,0.088,0.704,0.764,0.235,0.798,0.237,0.096,0.092,0.087,0.709,0.237,0.238,0.229,0.125,0.67,0.095,0.097,0.094,0.116,0.696,0.701,0.114,0.23,0.123,0.212,0.256,0.095,0.092,0.246,0.228,0.116,0.815,0.091,0.779,0.713,0.201,0.128,0.118,0.652,0.195,0.791,0.233,0.12,0.758,0.667,0.256,0.121,0.093,0.248,0.774,0.771,0.238,0.818,0.092,0.7,0.122,0.122,0.094,0.727,0.24,0.197,0.239,0.119,0.727,0.235,0.79,0.091,0.12,0.125,0.128,0.106,0.127,0.103,0.126,0.121,0.122,0.094
17:00:06,0,0.136,0.102,0.129,0.132,0.094,0.094,0.131,0.093,0.125,0.129,0.096,0.091,0.247,0.797,0.272,0.091,0.843,0.09,0.272,0.138,0.099,0.802,0.248,0.089,0.732,0.783,0.25,0.816,0.246,0.098,0.094,0.089,0.733,0.251,0.247,0.244,0.127,0.7,0.097,0.098,0.097,0.117,0.719,0.729,0.116,0.242,0.124,0.218,0.266,0.096,0.094,0.257,0.236,0.117,0.831,0.093,0.795,0.744,0.212,0.129,0.12,0.682,0.202,0.811,0.243,0.122,0.786,0.698,0.268,0.124,0.096,0.26,0.796,0.787,0.251,0.833,0.094,0.724,0.124,0.124,0.094,0.755,0.251,0.203,0.248,0.119,0.753,0.247,0.807,0.092,0.123,0.127,0.13,0.109,0.13,0.104,0.129,0.123,0.124,0.096
17:30:06,0,0.135,0.102,0.127,0.131,0.093,0.093,0.129,0.093,0.125,0.129,0.096,0.091,0.259,0.816,0.282,0.091,0.857,0.091,0.285,0.14,0.099,0.819,0.258,0.09,0.757,0.799,0.261,0.829,0.253,0.098,0.095,0.089,0.752,0.261,0.258,0.256,0.126,0.724,0.097,0.099,0.097,0.117,0.739,0.754,0.116,0.254,0.124,0.226,0.278,0.097,0.095,0.268,0.247,0.118,0.844,0.094,0.81,0.764,0.219,0.132,0.121,0.706,0.208,0.827,0.255,0.122,0.808,0.722,0.281,0.124,0.096,0.275,0.812,0.801,0.259,0.848,0.094,0.743,0.125,0.126,0.096,0.777,0.26,0.211,0.259,0.12,0.774,0.257,0.823,0.093,0.123,0.128,0.131,0.112,0.13,0.105,0.129,0.124,0.125,0.097
18:00:06,0,0.136,0.103,0.128,0.13,0.094,0.094,0.128,0.093,0.127,0.127,0.096,0.091,0.271,0.828,0.294,0.091,0.869,0.091,0.295,0.139,0.1,0.832,0.267,0.089,0.776,0.812,0.271,0.841,0.263,0.098,0.094,0.089,0.768,0.273,0.268,0.267,0.126,0.744,0.096,0.1,0.097,0.117,0.753,0.772,0.115,0.264,0.123,0.234,0.288,0.096,0.094,0.278,0.255,0.117,0.854,0.093,0.821,0.781,0.225,0.13,0.12,0.724,0.214,0.839,0.265,0.121,0.826,0.741,0.291,0.123,0.096,0.292,0.824,0.811,0.269,0.857,0.093,0.758,0.123,0.124,0.096,0.794,0.27,0.22,0.269,0.12,0.793,0.268,0.838,0.092,0.124,0.128,0.132,0.11,0.131,0.105,0.13,0.125,0.125,0.097
18:30:06,0,0.136,0.101,0.128,0.131,0.094,0.095,0.13,0.096,0.128,0.132,0.104,0.099,0.288,0.849,0.312,0.099,0.887,0.099,0.315,0.146,0.107,0.852,0.286,0.098,0.803,0.833,0.292,0.862,0.284,0.106,0.102,0.097,0.792,0.29,0.287,0.286,0.135,0.769,0.105,0.106,0.104,0.125,0.776,0.799,0.124,0.282,0.132,0.252,0.309,0.104,0.102,0.298,0.274,0.126,0.873,0.101,0.841,0.807,0.24,0.139,0.128,0.75,0.228,0.86,0.284,0.13,0.85,0.766,0.313,0.131,0.104,0.302,0.846,0.832,0.287,0.876,0.102,0.781,0.132,0.133,0.102,0.818,0.289,0.231,0.287,0.128,0.816,0.289,0.857,0.101,0.132,0.136,0.14,0.122,0.139,0.114,0.138,0.134,0.134,0.105
19:00:06,0,0.137,0.101,0.13,0.132,0.095,0.095,0.131,0.094,0.123,0.126,0.091,0.086,0.29,0.851,0.313,0.087,0.883,0.086,0.315,0.135,0.094,0.855,0.286,0.085,0.809,0.835,0.291,0.859,0.282,0.093,0.089,0.084,0.792,0.293,0.285,0.285,0.122,0.77,0.093,0.093,0.093,0.112,0.776,0.803,0.111,0.28,0.118,0.248,0.309,0.092,0.089,0.298,0.271,0.114,0.871,0.088,0.84,0.814,0.234,0.127,0.114,0.75,0.224,0.861,0.288,0.116,0.853,0.768,0.312,0.118,0.091,0.306,0.843,0.829,0.282,0.874,0.089,0.781,0.118,0.121,0.09,0.818,0.288,0.23,0.286,0.116,0.818,0.289,0.858,0.088,0.118,0.123,0.127,0.108,0.126,0.101,0.125,0.12,0.121,0.09
19:30:06,0,0.137,0.101,0.13,0.132,0.094,0.094,0.131,0.093,0.128,0.13,0.096,0.091,0.308,0.864,0.332,0.091,0.897,0.09,0.338,0.138,0.099,0.868,0.304,0.089,0.828,0.848,0.309,0.874,0.298,0.098,0.095,0.089,0.81,0.308,0.304,0.303,0.127,0.789,0.098,0.099,0.097,0.117,0.793,0.822,0.115,0.297,0.122,0.264,0.328,0.097,0.094,0.315,0.288,0.117,0.883,0.093,0.853,0.832,0.246,0.13,0.12,0.769,0.238,0.875,0.306,0.121,0.869,0.786,0.331,0.123,0.096,0.327,0.861,0.843,0.299,0.887,0.094,0.798,0.123,0.125,0.096,0.835,0.304,0.244,0.303,0.119,0.834,0.305,0.871,0.092,0.122,0.127,0.131,0.112,0.13,0.106,0.129,0.124,0.124,0.096
20:00:06,0,0.138,0.102,0.129,0.133,0.095,0.096,0.13,0.094,0.127,0.134,0.1,0.095,0.323,0.877,0.348,0.095,0.91,0.095,0.356,0.144,0.103,0.88,0.32,0.094,0.846,0.86,0.326,0.888,0.315,0.103,0.099,0.093,0.826,0.329,0.322,0.319,0.13,0.805,0.102,0.104,0.098,0.121,0.81,0.841,0.12,0.314,0.127,0.279,0.346,0.101,0.099,0.334,0.305,0.122,0.897,0.097,0.868,0.848,0.261,0.136,0.124,0.785,0.253,0.89,0.325,0.125,0.886,0.804,0.349,0.127,0.101,0.345,0.875,0.857,0.317,0.902,0.098,0.814,0.128,0.129,0.099,0.852,0.321,0.258,0.32,0.124,0.85,0.324,0.886,0.096,0.128,0.132,0.135,0.116,0.135,0.109,0.133,0.129,0.129,0.101
20:30:06,0,0.137,0.103,0.129,0.132,0.095,0.095,0.132,0.094,0.127,0.134,0.098,0.093,0.337,0.885,0.361,0.093,0.915,0.092,0.365,0.141,0.101,0.888,0.331,0.091,0.855,0.867,0.337,0.893,0.326,0.1,0.097,0.09,0.833,0.339,0.333,0.33,0.127,0.815,0.1,0.1,0.1,0.119,0.817,0.851,0.117,0.325,0.124,0.287,0.358,0.099,0.096,0.345,0.314,0.119,0.904,0.095,0.875,0.859,0.268,0.133,0.123,0.794,0.257,0.897,0.337,0.123,0.894,0.813,0.36,0.125,0.098,0.36,0.883,0.864,0.326,0.908,0.096,0.823,0.127,0.128,0.096,0.859,0.332,0.264,0.331,0.121,0.86,0.334,0.893,0.094,0.125,0.13,0.133,0.112,0.133,0.106,0.132,0.126,0.127,0.099
21:00:06,0,0.146,0.106,0.137,0.141,0.097,0.097,0.141,0.098,0.137,0.145,0.103,0.097,0.353,0.901,0.382,0.098,0.935,0.101,0.394,0.166,0.105,0.902,0.349,0.095,0.875,0.884,0.362,0.911,0.346,0.106,0.101,0.094,0.853,0.36,0.352,0.357,0.138,0.835,0.108,0.114,0.103,0.124,0.833,0.87,0.124,0.343,0.132,0.302,0.374,0.104,0.101,0.364,0.331,0.129,0.918,0.099,0.891,0.879,0.298,0.146,0.129,0.811,0.272,0.91,0.355,0.132,0.912,0.832,0.38,0.136,0.103,0.375,0.896,0.878,0.343,0.921,0.1,0.838,0.136,0.137,0.1,0.875,0.354,0.283,0.351,0.131,0.877,0.353,0.909,0.098,0.135,0.141,0.144,0.12,0.145,0.112,0.143,0.137,0.139,0.103
21:30:06,0,0.143,0.103,0.134,0.136,0.096,0.097,0.14,0.096,0.134,0.141,0.097,0.092,0.364,0.904,0.389,0.092,0.927,0.092,0.396,0.152,0.101,0.906,0.36,0.09,0.876,0.888,0.367,0.915,0.358,0.102,0.095,0.089,0.855,0.364,0.358,0.357,0.128,0.84,0.099,0.101,0.099,0.12,0.837,0.866,0.118,0.351,0.129,0.312,0.382,0.099,0.095,0.371,0.339,0.119,0.914,0.094,0.891,0.874,0.293,0.137,0.124,0.816,0.281,0.914,0.361,0.125,0.917,0.838,0.385,0.127,0.097,0.384,0.898,0.879,0.35,0.916,0.095,0.841,0.127,0.131,0.097,0.878,0.359,0.286,0.357,0.123,0.881,0.36,0.911,0.094,0.125,0.132,0.137,0.115,0.135,0.107,0.133,0.128,0.129,0.099
22:00:06,0,0.131,0.101,0.125,0.128,0.094,0.095,0.127,0.094,0.125,0.126,0.097,0.091,0.372,0.91,0.399,0.091,0.925,0.09,0.405,0.134,0.1,0.909,0.372,0.089,0.873,0.887,0.372,0.909,0.364,0.097,0.095,0.088,0.855,0.375,0.368,0.365,0.12,0.838,0.097,0.099,0.097,0.117,0.84,0.867,0.115,0.361,0.12,0.322,0.389,0.097,0.094,0.383,0.349,0.114,0.912,0.093,0.891,0.872,0.302,0.125,0.119,0.819,0.292,0.914,0.368,0.119,0.92,0.84,0.391,0.119,0.096,0.388,0.901,0.879,0.359,0.916,0.093,0.844,0.121,0.122,0.095,0.881,0.368,0.293,0.367,0.119,0.882,0.368,0.908,0.092,0.121,0.124,0.127,0.106,0.126,0.103,0.125,0.12,0.12,0.096
22:30:06,0,0.14,0.103,0.132,0.135,0.096,0.097,0.132,0.095,0.13,0.137,0.101,0.095,0.388,0.916,0.419,0.095,0.94,0.095,0.424,0.149,0.102,0.922,0.389,0.093,0.889,0.901,0.394,0.926,0.381,0.104,0.099,0.093,0.874,0.394,0.386,0.386,0.129,0.858,0.103,0.105,0.099,0.122,0.857,0.883,0.12,0.38,0.126,0.339,0.406,0.102,0.099,0.403,0.368,0.122,0.928,0.097,0.906,0.889,0.321,0.136,0.125,0.835,0.308,0.926,0.387,0.126,0.937,0.858,0.408,0.129,0.102,0.405,0.913,0.895,0.383,0.932,0.099,0.862,0.13,0.134,0.099,0.897,0.387,0.312,0.385,0.125,0.899,0.386,0.92,0.097,0.13,0.135,0.138,0.116,0.137,0.111,0.136,0.13,0.132,0.101
23:00:06,0,0.138,0.1,0.129,0.132,0.094,0.095,0.13,0.093,0.127,0.133,0.098,0.092,0.395,0.916,0.429,0.092,0.941,0.091,0.434,0.141,0.101,0.921,0.399,0.09,0.894,0.901,0.403,0.927,0.399,0.099,0.096,0.089,0.879,0.401,0.395,0.395,0.124,0.864,0.1,0.1,0.098,0.118,0.862,0.89,0.116,0.389,0.122,0.348,0.412,0.099,0.096,0.412,0.377,0.118,0.93,0.093,0.905,0.895,0.336,0.131,0.121,0.842,0.32,0.929,0.394,0.121,0.941,0.863,0.414,0.122,0.097,0.412,0.911,0.894,0.391,0.935,0.095,0.865,0.125,0.127,0.094,0.901,0.398,0.32,0.394,0.122,0.903,0.395,0.924,0.093,0.126,0.131,0.134,0.114,0.133,0.107,0.132,0.126,0.127,0.096
23:30:06,0,0.143,0.1,0.135,0.137,0.094,0.096,0.136,0.095,0.139,0.147,0.102,0.096,0.412,0.928,0.45,0.096,0.956,0.099,0.455,0.164,0.103,0.927,0.416,0.093,0.906,0.908,0.422,0.938,0.417,0.104,0.099,0.092,0.892,0.419,0.414,0.418,0.132,0.878,0.106,0.106,0.101,0.122,0.873,0.903,0.121,0.406,0.127,0.365,0.428,0.102,0.099,0.432,0.396,0.127,0.942,0.097,0.92,0.911,0.359,0.146,0.127,0.854,0.336,0.94,0.411,0.13,0.948,0.878,0.433,0.135,0.101,0.43,0.924,0.905,0.412,0.947,0.099,0.88,0.135,0.138,0.098,0.913,0.415,0.339,0.413,0.132,0.916,0.412,0.938,0.097,0.133,0.14,0.144,0.122,0.143,0.11,0.142,0.136,0.138,0.1
24:00:06,0,0.136,0.1,0.13,0.132,0.094,0.095,0.129,0.093,0.127,0.133,0.099,0.093,0.419,0.929,0.453,0.093,0.951,0.092,0.458,0.142,0.099,0.93,0.427,0.091,0.911,0.911,0.429,0.937,0.423,0.1,0.097,0.09,0.893,0.422,0.422,0.419,0.122,0.879,0.1,0.1,0.098,0.118,0.877,0.905,0.116,0.415,0.122,0.372,0.435,0.1,0.097,0.438,0.403,0.119,0.941,0.094,0.917,0.91,0.361,0.133,0.121,0.857,0.341,0.94,0.417,0.122,0.949,0.88,0.44,0.124,0.099,0.435,0.922,0.904,0.418,0.945,0.096,0.88,0.126,0.128,0.097,0.908,0.42,0.344,0.417,0.122,0.911,0.419,0.935,0.094,0.126,0.13,0.134,0.114,0.134,0.107,0.132,0.126,0.128,0.097
24:30:06,0,0.144,0.106,0.134,0.136,0.096,0.098,0.135,0.097,0.133,0.141,0.1,0.095,0.434,0.934,0.469,0.094,0.957,0.094,0.471,0.152,0.104,0.937,0.444,0.092,0.917,0.919,0.445,0.946,0.443,0.104,0.098,0.091,0.902,0.436,0.442,0.434,0.128,0.89,0.103,0.106,0.101,0.122,0.882,0.913,0.118,0.428,0.128,0.391,0.451,0.102,0.097,0.451,0.42,0.122,0.947,0.096,0.926,0.919,0.377,0.142,0.126,0.867,0.356,0.947,0.431,0.126,0.959,0.89,0.456,0.129,0.099,0.45,0.933,0.912,0.435,0.952,0.097,0.886,0.131,0.135,0.098,0.917,0.433,0.359,0.431,0.127,0.923,0.435,0.944,0.096,0.129,0.136,0.141,0.116,0.139,0.109,0.137,0.131,0.133,0.1
25:00:06,0,0.14,0.102,0.131,0.134,0.096,0.096,0.13,0.095,0.126,0.128,0.092,0.086,0.438,0.933,0.469,0.086,0.953,0.086,0.474,0.134,0.094,0.937,0.448,0.084,0.916,0.915,0.445,0.942,0.443,0.094,0.089,0.083,0.895,0.438,0.444,0.434,0.116,0.887,0.094,0.093,0.089,0.111,0.876,0.909,0.109,0.428,0.115,0.394,0.453,0.092,0.089,0.453,0.422,0.112,0.943,0.087,0.922,0.913,0.378,0.128,0.115,0.863,0.358,0.944,0.435,0.115,0.955,0.885,0.456,0.116,0.091,0.452,0.927,0.908,0.44,0.947,0.088,0.88,0.12,0.12,0.089,0.913,0.434,0.36,0.431,0.115,0.916,0.437,0.939,0.087,0.12,0.125,0.128,0.109,0.128,0.099,0.126,0.12,0.122,0.09
25:30:06,0,0.141,0.103,0.132,0.134,0.097,0.098,0.131,0.097,0.13,0.134,0.098,0.092,0.458,0.939,0.484,0.091,0.96,0.092,0.486,0.141,0.1,0.941,0.467,0.09,0.921,0.923,0.46,0.949,0.46,0.1,0.095,0.089,0.903,0.457,0.461,0.449,0.121,0.893,0.099,0.105,0.097,0.117,0.886,0.916,0.115,0.444,0.12,0.414,0.47,0.098,0.095,0.469,0.443,0.118,0.952,0.093,0.931,0.921,0.397,0.134,0.12,0.869,0.376,0.951,0.454,0.12,0.964,0.892,0.474,0.123,0.097,0.47,0.934,0.915,0.461,0.956,0.095,0.892,0.127,0.129,0.094,0.921,0.451,0.378,0.447,0.122,0.926,0.458,0.946,0.093,0.126,0.13,0.135,0.115,0.134,0.106,0.132,0.127,0.128,0.096
26:00:06,0,0.149,0.103,0.139,0.141,0.097,0.098,0.136,0.097,0.138,0.147,0.101,0.096,0.481,0.951,0.506,0.097,0.975,0.1,0.51,0.163,0.105,0.951,0.485,0.093,0.931,0.933,0.479,0.96,0.48,0.105,0.101,0.093,0.919,0.477,0.485,0.474,0.132,0.908,0.109,0.107,0.1,0.124,0.9,0.926,0.12,0.461,0.127,0.435,0.49,0.103,0.1,0.488,0.467,0.128,0.964,0.097,0.943,0.934,0.423,0.149,0.13,0.881,0.396,0.961,0.475,0.13,0.975,0.905,0.492,0.134,0.102,0.491,0.947,0.928,0.482,0.968,0.1,0.905,0.137,0.14,0.098,0.934,0.469,0.399,0.466,0.132,0.939,0.48,0.958,0.099,0.136,0.145,0.147,0.129,0.148,0.115,0.146,0.138,0.141,0.1
26:30:06,0,0.137,0.101,0.13,0.132,0.094,0.095,0.126,0.094,0.124,0.13,0.095,0.088,0.483,0.94,0.504,0.088,0.962,0.088,0.506,0.14,0.095,0.942,0.488,0.086,0.921,0.923,0.479,0.95,0.479,0.096,0.092,0.085,0.909,0.475,0.481,0.468,0.117,0.897,0.097,0.095,0.091,0.114,0.891,0.917,0.111,0.462,0.117,0.438,0.49,0.095,0.092,0.486,0.464,0.114,0.952,0.09,0.933,0.921,0.42,0.129,0.118,0.873,0.398,0.953,0.479,0.118,0.968,0.898,0.492,0.121,0.094,0.487,0.937,0.917,0.482,0.957,0.091,0.895,0.122,0.123,0.091,0.927,0.468,0.4,0.466,0.118,0.93,0.482,0.949,0.09,0.122,0.127,0.131,0.111,0.13,0.103,0.128,0.122,0.124,0.092
27:00:06,0,0.14,0.103,0.132,0.134,0.097,0.098,0.129,0.095,0.128,0.134,0.098,0.092,0.499,0.948,0.515,0.092,0.969,0.091,0.519,0.144,0.099,0.949,0.502,0.089,0.927,0.929,0.49,0.956,0.493,0.099,0.095,0.088,0.914,0.489,0.494,0.48,0.12,0.904,0.1,0.103,0.095,0.117,0.899,0.922,0.114,0.475,0.119,0.454,0.502,0.098,0.095,0.499,0.481,0.118,0.959,0.093,0.939,0.926,0.438,0.133,0.12,0.881,0.414,0.96,0.496,0.121,0.976,0.907,0.505,0.124,0.097,0.501,0.944,0.922,0.5,0.964,0.094,0.903,0.125,0.127,0.095,0.932,0.481,0.416,0.48,0.121,0.937,0.498,0.955,0.093,0.126,0.131,0.134,0.114,0.133,0.107,0.131,0.125,0.128,0.096
27:30:06,0,0.139,0.101,0.132,0.134,0.096,0.097,0.13,0.095,0.127,0.133,0.097,0.089,0.511,0.948,0.524,0.089,0.97,0.09,0.527,0.144,0.096,0.949,0.511,0.087,0.926,0.93,0.499,0.958,0.503,0.098,0.094,0.086,0.917,0.498,0.504,0.489,0.118,0.906,0.097,0.093,0.09,0.116,0.899,0.922,0.113,0.483,0.118,0.466,0.512,0.097,0.093,0.507,0.492,0.116,0.959,0.091,0.94,0.927,0.449,0.132,0.12,0.884,0.424,0.96,0.507,0.119,0.977,0.909,0.512,0.122,0.095,0.508,0.944,0.924,0.508,0.965,0.092,0.904,0.123,0.126,0.094,0.932,0.491,0.428,0.489,0.119,0.937,0.509,0.957,0.091,0.124,0.129,0.132,0.113,0.131,0.103,0.13,0.124,0.126,0.094
28:00:06,0,0.14,0.101,0.132,0.135,0.096,0.097,0.13,0.094,0.129,0.137,0.099,0.092,0.523,0.96,0.534,0.092,0.976,0.092,0.539,0.149,0.098,0.957,0.523,0.09,0.933,0.939,0.512,0.963,0.515,0.101,0.096,0.089,0.921,0.509,0.516,0.499,0.12,0.911,0.1,0.102,0.095,0.118,0.905,0.927,0.115,0.495,0.119,0.481,0.52,0.099,0.096,0.516,0.505,0.118,0.964,0.093,0.945,0.934,0.466,0.134,0.122,0.889,0.439,0.966,0.521,0.122,0.982,0.914,0.521,0.124,0.098,0.519,0.948,0.929,0.523,0.97,0.095,0.91,0.128,0.129,0.094,0.937,0.501,0.443,0.505,0.123,0.942,0.522,0.961,0.093,0.126,0.132,0.136,0.116,0.135,0.106,0.133,0.128,0.13,0.096
28:30:06,0,0.139,0.1,0.13,0.134,0.094,0.095,0.128,0.091,0.125,0.13,0.09,0.084,0.527,0.947,0.535,0.085,0.969,0.085,0.539,0.143,0.088,0.948,0.526,0.082,0.924,0.929,0.513,0.956,0.516,0.093,0.088,0.081,0.915,0.511,0.518,0.502,0.112,0.906,0.094,0.088,0.086,0.111,0.899,0.919,0.107,0.496,0.112,0.486,0.521,0.092,0.088,0.518,0.508,0.111,0.957,0.086,0.939,0.924,0.472,0.127,0.115,0.884,0.445,0.959,0.525,0.115,0.978,0.91,0.521,0.118,0.09,0.519,0.943,0.924,0.524,0.964,0.087,0.905,0.12,0.122,0.088,0.932,0.505,0.449,0.503,0.115,0.937,0.524,0.956,0.086,0.119,0.124,0.127,0.108,0.127,0.099,0.125,0.12,0.121,0.089
29:00:06,0,0.144,0.106,0.136,0.138,0.099,0.101,0.132,0.096,0.129,0.133,0.095,0.089,0.537,0.954,0.544,0.089,0.976,0.089,0.547,0.142,0.095,0.957,0.538,0.087,0.929,0.936,0.525,0.964,0.53,0.097,0.093,0.086,0.923,0.521,0.53,0.514,0.117,0.912,0.098,0.1,0.092,0.115,0.906,0.923,0.111,0.509,0.117,0.501,0.534,0.096,0.092,0.528,0.521,0.115,0.963,0.09,0.945,0.928,0.488,0.132,0.119,0.89,0.462,0.966,0.538,0.118,0.984,0.917,0.532,0.121,0.094,0.529,0.95,0.93,0.537,0.971,0.091,0.912,0.124,0.126,0.093,0.94,0.515,0.466,0.515,0.119,0.945,0.537,0.962,0.09,0.124,0.129,0.132,0.113,0.132,0.104,0.13,0.124,0.127,0.093
29:30:06,0,0.149,0.102,0.137,0.138,0.098,0.1,0.137,0.099,0.136,0.146,0.101,0.094,0.552,0.963,0.555,0.093,0.983,0.093,0.558,0.158,0.098,0.966,0.553,0.091,0.937,0.947,0.541,0.974,0.545,0.105,0.097,0.09,0.932,0.533,0.543,0.527,0.123,0.923,0.103,0.098,0.097,0.123,0.914,0.931,0.117,0.523,0.126,0.519,0.545,0.102,0.097,0.54,0.536,0.121,0.972,0.095,0.953,0.939,0.506,0.143,0.128,0.9,0.479,0.973,0.551,0.128,0.994,0.927,0.545,0.131,0.099,0.542,0.958,0.938,0.551,0.978,0.096,0.92,0.131,0.137,0.095,0.948,0.526,0.483,0.528,0.126,0.953,0.551,0.971,0.095,0.13,0.137,0.142,0.118,0.14,0.108,0.137,0.13,0.133,0.098
30:00:06,0,0.138,0.099,0.13,0.134,0.094,0.095,0.127,0.091,0.128,0.136,0.096,0.09,0.554,0.963,0.555,0.09,0.98,0.09,0.557,0.144,0.097,0.962,0.555,0.087,0.934,0.945,0.54,0.97,0.544,0.098,0.094,0.086,0.928,0.535,0.546,0.528,0.117,0.92,0.098,0.094,0.093,0.115,0.912,0.928,0.112,0.523,0.117,0.523,0.544,0.097,0.094,0.539,0.538,0.116,0.968,0.091,0.95,0.934,0.514,0.132,0.12,0.898,0.486,0.972,0.555,0.119,0.99,0.923,0.548,0.122,0.095,0.542,0.954,0.934,0.553,0.975,0.092,0.917,0.123,0.126,0.091,0.945,0.529,0.49,0.531,0.119,0.949,0.554,0.967,0.091,0.125,0.129,0.132,0.113,0.131,0.105,0.129,0.124,0.125,0.094
30:30:06,0,0.145,0.105,0.136,0.139,0.1,0.101,0.132,0.098,0.129,0.132,0.092,0.085,0.555,0.954,0.552,0.085,0.976,0.085,0.555,0.138,0.09,0.957,0.556,0.083,0.928,0.937,0.538,0.966,0.547,0.094,0.089,0.082,0.925,0.537,0.547,0.527,0.111,0.914,0.094,0.09,0.089,0.111,0.909,0.921,0.107,0.524,0.112,0.526,0.545,0.093,0.089,0.541,0.543,0.112,0.965,0.087,0.947,0.927,0.521,0.128,0.116,0.893,0.492,0.966,0.559,0.114,0.985,0.919,0.546,0.117,0.091,0.543,0.95,0.93,0.557,0.971,0.088,0.913,0.117,0.121,0.086,0.941,0.531,0.498,0.531,0.116,0.946,0.559,0.963,0.088,0.121,0.126,0.129,0.109,0.129,0.1,0.126,0.119,0.122,0.091
31:00:06,0,0.143,0.101,0.134,0.136,0.098,0.1,0.13,0.097,0.131,0.138,0.104,0.097,0.576,0.968,0.569,0.097,0.99,0.097,0.57,0.155,0.102,0.97,0.575,0.094,0.939,0.95,0.556,0.979,0.564,0.105,0.101,0.093,0.938,0.554,0.566,0.545,0.123,0.931,0.105,0.102,0.099,0.122,0.923,0.932,0.118,0.54,0.124,0.545,0.563,0.103,0.1,0.554,0.561,0.123,0.977,0.098,0.96,0.937,0.541,0.139,0.126,0.907,0.513,0.978,0.578,0.126,0.998,0.934,0.563,0.13,0.102,0.561,0.963,0.944,0.579,0.983,0.099,0.927,0.13,0.132,0.101,0.954,0.547,0.519,0.547,0.127,0.958,0.577,0.975,0.099,0.133,0.137,0.141,0.122,0.141,0.112,0.138,0.133,0.135,0.101
31:30:06,0,0.152,0.104,0.14,0.142,0.102,0.105,0.139,0.101,0.139,0.149,0.104,0.097,0.585,0.972,0.572,0.097,0.993,0.097,0.573,0.162,0.102,0.975,0.583,0.094,0.941,0.956,0.566,0.985,0.576,0.108,0.101,0.094,0.945,0.559,0.575,0.551,0.125,0.935,0.106,0.104,0.101,0.125,0.927,0.934,0.119,0.548,0.129,0.556,0.57,0.105,0.1,0.561,0.575,0.125,0.982,0.099,0.964,0.94,0.554,0.149,0.131,0.912,0.523,0.981,0.587,0.13,1.003,0.938,0.571,0.133,0.102,0.569,0.966,0.948,0.59,0.987,0.1,0.932,0.134,0.139,0.1,0.958,0.556,0.528,0.554,0.13,0.963,0.587,0.978,0.099,0.133,0.14,0.145,0.122,0.143,0.113,0.14,0.134,0.137,0.103
32:00:06,0,0.145,0.1,0.135,0.138,0.098,0.099,0.132,0.096,0.129,0.135,0.097,0.089,0.58,0.965,0.566,0.088,0.984,0.089,0.566,0.147,0.093,0.965,0.579,0.086,0.933,0.946,0.558,0.976,0.568,0.097,0.093,0.085,0.936,0.556,0.57,0.545,0.115,0.926,0.097,0.09,0.092,0.115,0.92,0.925,0.11,0.541,0.116,0.555,0.563,0.094,0.092,0.553,0.572,0.114,0.972,0.09,0.955,0.929,0.549,0.131,0.12,0.903,0.522,0.972,0.583,0.118,0.993,0.931,0.564,0.122,0.094,0.563,0.957,0.939,0.588,0.978,0.091,0.925,0.124,0.125,0.091,0.949,0.55,0.527,0.549,0.118,0.954,0.582,0.968,0.09,0.125,0.129,0.132,0.114,0.133,0.104,0.131,0.125,0.126,0.093
32:30:06,0,0.148,0.102,0.134,0.138,0.098,0.1,0.131,0.096,0.13,0.137,0.099,0.092,0.589,0.968,0.571,0.091,0.988,0.092,0.57,0.147,0.102,0.969,0.587,0.089,0.936,0.951,0.565,0.979,0.576,0.1,0.096,0.088,0.941,0.562,0.579,0.553,0.118,0.931,0.1,0.1,0.095,0.117,0.924,0.927,0.113,0.549,0.119,0.566,0.57,0.099,0.096,0.56,0.584,0.118,0.977,0.093,0.961,0.934,0.562,0.136,0.122,0.909,0.532,0.976,0.593,0.121,0.998,0.937,0.571,0.125,0.098,0.572,0.961,0.945,0.6,0.984,0.095,0.931,0.128,0.131,0.094,0.953,0.559,0.537,0.557,0.122,0.957,0.591,0.973,0.094,0.128,0.132,0.135,0.115,0.135,0.107,0.132,0.126,0.128,0.097
33:00:06,0,0.148,0.103,0.136,0.139,0.099,0.101,0.132,0.097,0.136,0.142,0.103,0.096,0.598,0.976,0.578,0.095,0.995,0.096,0.577,0.154,0.1,0.976,0.596,0.093,0.94,0.957,0.572,0.986,0.583,0.104,0.1,0.092,0.947,0.572,0.588,0.56,0.121,0.937,0.104,0.101,0.1,0.122,0.931,0.932,0.117,0.557,0.123,0.579,0.578,0.103,0.099,0.567,0.596,0.123,0.982,0.097,0.966,0.939,0.573,0.14,0.126,0.916,0.544,0.982,0.603,0.126,1.004,0.943,0.582,0.128,0.101,0.58,0.967,0.95,0.612,0.989,0.098,0.936,0.13,0.132,0.098,0.959,0.569,0.551,0.566,0.128,0.965,0.602,0.98,0.097,0.132,0.138,0.141,0.121,0.141,0.111,0.139,0.133,0.135,0.1
33:30:06,0,0.145,0.099,0.133,0.136,0.096,0.098,0.13,0.094,0.13,0.141,0.101,0.093,0.601,0.973,0.577,0.093,0.991,0.093,0.575,0.152,0.102,0.974,0.598,0.09,0.937,0.956,0.575,0.984,0.585,0.102,0.098,0.09,0.945,0.572,0.59,0.562,0.119,0.935,0.102,0.098,0.097,0.119,0.929,0.927,0.115,0.557,0.12,0.585,0.578,0.098,0.097,0.566,0.599,0.12,0.979,0.094,0.963,0.933,0.579,0.138,0.124,0.915,0.55,0.979,0.606,0.123,1.001,0.941,0.58,0.127,0.099,0.582,0.964,0.948,0.615,0.985,0.096,0.934,0.128,0.13,0.096,0.957,0.57,0.556,0.567,0.125,0.962,0.603,0.977,0.095,0.131,0.137,0.139,0.12,0.141,0.11,0.138,0.132,0.135,0.099
34:00:06,0,0.151,0.106,0.139,0.142,0.103,0.103,0.135,0.101,0.137,0.145,0.105,0.097,0.608,0.974,0.581,0.096,0.996,0.097,0.579,0.158,0.103,0.976,0.604,0.094,0.938,0.956,0.58,0.988,0.591,0.107,0.102,0.094,0.951,0.579,0.598,0.568,0.123,0.94,0.106,0.104,0.101,0.122,0.934,0.93,0.118,0.564,0.124,0.596,0.585,0.104,0.101,0.572,0.61,0.124,0.983,0.098,0.967,0.937,0.591,0.142,0.128,0.919,0.562,0.984,0.614,0.127,1.005,0.946,0.588,0.13,0.102,0.588,0.968,0.953,0.625,0.99,0.099,0.939,0.132,0.134,0.1,0.96,0.578,0.566,0.572,0.127,0.965,0.611,0.98,0.098,0.134,0.14,0.142,0.122,0.143,0.113,0.14,0.134,0.136,0.102
34:30:06,0,0.147,0.108,0.138,0.141,0.105,0.107,0.135,0.104,0.135,0.138,0.103,0.098,0.612,0.979,0.581,0.097,0.993,0.096,0.576,0.148,0.103,0.979,0.607,0.095,0.936,0.959,0.58,0.985,0.591,0.106,0.103,0.094,0.95,0.581,0.599,0.567,0.123,0.941,0.105,0.102,0.103,0.125,0.935,0.928,0.121,0.567,0.125,0.603,0.589,0.104,0.1,0.573,0.616,0.123,0.981,0.099,0.966,0.932,0.596,0.137,0.129,0.92,0.57,0.985,0.618,0.126,1.005,0.947,0.589,0.127,0.103,0.593,0.968,0.952,0.63,0.989,0.101,0.938,0.129,0.132,0.102,0.96,0.582,0.575,0.58,0.127,0.965,0.616,0.981,0.1,0.132,0.135,0.139,0.117,0.138,0.113,0.135,0.13,0.132,0.103
35:00:06,0,0.151,0.106,0.14,0.143,0.103,0.104,0.135,0.101,0.133,0.137,0.097,0.089,0.606,0.969,0.576,0.088,0.987,0.088,0.571,0.145,0.096,0.97,0.602,0.086,0.928,0.952,0.577,0.98,0.588,0.097,0.093,0.085,0.944,0.579,0.596,0.565,0.115,0.935,0.098,0.094,0.093,0.115,0.928,0.919,0.11,0.56,0.116,0.601,0.583,0.096,0.093,0.567,0.615,0.115,0.975,0.09,0.959,0.929,0.598,0.133,0.121,0.914,0.569,0.976,0.615,0.119,0.997,0.94,0.584,0.122,0.094,0.586,0.961,0.946,0.63,0.982,0.092,0.932,0.123,0.127,0.092,0.953,0.575,0.574,0.57,0.12,0.958,0.611,0.973,0.091,0.127,0.133,0.136,0.116,0.136,0.106,0.134,0.128,0.13,0.095
35:30:06,0,0.151,0.105,0.138,0.141,0.101,0.102,0.133,0.099,0.133,0.142,0.102,0.095,0.617,0.975,0.582,0.094,0.994,0.094,0.577,0.155,0.1,0.976,0.61,0.092,0.934,0.958,0.586,0.987,0.597,0.104,0.1,0.091,0.951,0.589,0.606,0.573,0.121,0.943,0.103,0.099,0.098,0.121,0.935,0.925,0.116,0.569,0.122,0.614,0.591,0.103,0.099,0.575,0.628,0.122,0.982,0.096,0.966,0.932,0.611,0.142,0.127,0.922,0.582,0.983,0.625,0.126,1.004,0.948,0.592,0.129,0.099,0.595,0.967,0.952,0.641,0.989,0.098,0.939,0.131,0.134,0.097,0.959,0.583,0.588,0.579,0.126,0.964,0.622,0.978,0.096,0.133,0.138,0.141,0.12,0.141,0.111,0.138,0.132,0.135,0.1
36:00:06,0,0.154,0.101,0.14,0.141,0.101,0.103,0.14,0.099,0.137,0.146,0.1,0.093,0.622,0.975,0.583,0.092,0.993,0.093,0.577,0.163,0.099,0.978,0.614,0.09,0.933,0.96,0.591,0.989,0.6,0.104,0.097,0.089,0.953,0.588,0.61,0.576,0.12,0.944,0.104,0.102,0.098,0.123,0.936,0.924,0.115,0.572,0.125,0.621,0.594,0.102,0.096,0.576,0.634,0.12,0.982,0.094,0.966,0.93,0.616,0.145,0.129,0.924,0.59,0.982,0.629,0.128,1.006,0.949,0.596,0.132,0.097,0.597,0.968,0.952,0.648,0.988,0.096,0.939,0.131,0.138,0.096,0.96,0.585,0.594,0.58,0.128,0.966,0.625,0.98,0.096,0.131,0.139,0.144,0.119,0.142,0.11,0.138,0.13,0.135,0.099
36:30:06,0,0.148,0.103,0.137,0.141,0.1,0.101,0.134,0.099,0.138,0.145,0.102,0.097,0.626,0.981,0.587,0.096,0.998,0.097,0.581,0.159,0.103,0.982,0.617,0.094,0.936,0.961,0.593,0.992,0.603,0.106,0.102,0.093,0.956,0.595,0.616,0.582,0.123,0.948,0.106,0.104,0.1,0.123,0.939,0.926,0.118,0.576,0.125,0.629,0.598,0.105,0.101,0.581,0.641,0.124,0.985,0.098,0.97,0.932,0.628,0.144,0.129,0.927,0.599,0.986,0.637,0.128,1.008,0.952,0.6,0.131,0.103,0.602,0.971,0.957,0.655,0.992,0.1,0.943,0.132,0.135,0.1,0.962,0.593,0.603,0.587,0.127,0.967,0.632,0.982,0.099,0.135,0.139,0.142,0.122,0.142,0.113,0.14,0.133,0.136,0.103
37:00:06,0,0.15,0.104,0.138,0.141,0.101,0.102,0.136,0.099,0.134,0.141,0.101,0.095,0.626,0.978,0.585,0.095,0.996,0.095,0.578,0.151,0.101,0.979,0.619,0.093,0.933,0.96,0.594,0.99,0.605,0.105,0.1,0.092,0.954,0.6,0.616,0.582,0.121,0.947,0.106,0.103,0.1,0.122,0.939,0.923,0.117,0.577,0.123,0.634,0.6,0.103,0.099,0.58,0.645,0.122,0.984,0.097,0.969,0.93,0.63,0.143,0.127,0.926,0.604,0.985,0.639,0.126,1.006,0.953,0.603,0.13,0.101,0.604,0.97,0.955,0.659,0.992,0.098,0.943,0.131,0.134,0.099,0.963,0.592,0.609,0.586,0.127,0.969,0.635,0.982,0.097,0.135,0.139,0.142,0.121,0.143,0.111,0.14,0.134,0.137,0.102
37:30:06,0,0.153,0.105,0.139,0.142,0.1,0.101,0.137,0.099,0.135,0.143,0.118,0.111,0.646,0.994,0.602,0.109,1.014,0.11,0.595,0.151,0.116,0.997,0.637,0.108,0.95,0.979,0.61,1.007,0.621,0.118,0.115,0.107,0.973,0.616,0.635,0.598,0.136,0.965,0.118,0.114,0.115,0.137,0.957,0.941,0.132,0.595,0.136,0.656,0.617,0.118,0.115,0.598,0.667,0.137,1.002,0.112,0.987,0.949,0.651,0.155,0.142,0.945,0.626,1.005,0.66,0.14,1.025,0.97,0.619,0.143,0.118,0.623,0.99,0.975,0.682,1.011,0.114,0.962,0.145,0.15,0.116,0.981,0.612,0.632,0.604,0.14,0.985,0.655,1.001,0.114,0.149,0.152,0.156,0.135,0.156,0.127,0.153,0.147,0.15,0.119
38:00:06,0,0.152,0.103,0.139,0.142,0.099,0.101,0.143,0.099,0.13,0.133,0.09,0.084,0.623,0.969,0.577,0.084,0.986,0.084,0.569,0.141,0.091,0.97,0.613,0.082,0.92,0.951,0.587,0.979,0.598,0.094,0.09,0.081,0.944,0.589,0.613,0.575,0.11,0.938,0.094,0.091,0.09,0.112,0.929,0.911,0.106,0.57,0.112,0.634,0.593,0.093,0.089,0.574,0.646,0.113,0.974,0.086,0.959,0.919,0.632,0.132,0.118,0.918,0.607,0.976,0.638,0.116,0.998,0.943,0.595,0.121,0.091,0.598,0.961,0.946,0.66,0.981,0.088,0.934,0.122,0.126,0.089,0.954,0.587,0.61,0.58,0.117,0.959,0.632,0.973,0.087,0.124,0.129,0.132,0.112,0.133,0.102,0.13,0.124,0.127,0.092
38:30:06,0,0.152,0.104,0.14,0.143,0.101,0.103,0.145,0.1,0.139,0.144,0.102,0.094,0.635,0.976,0.588,0.092,0.995,0.093,0.58,0.151,0.099,0.978,0.625,0.091,0.93,0.961,0.598,0.989,0.609,0.103,0.098,0.09,0.953,0.602,0.625,0.586,0.118,0.945,0.103,0.103,0.099,0.121,0.937,0.92,0.115,0.581,0.121,0.648,0.603,0.1,0.098,0.584,0.659,0.121,0.982,0.095,0.968,0.926,0.644,0.14,0.126,0.926,0.62,0.986,0.649,0.124,1.007,0.952,0.607,0.129,0.1,0.609,0.97,0.955,0.673,0.991,0.098,0.943,0.131,0.135,0.097,0.961,0.599,0.623,0.589,0.125,0.966,0.643,0.981,0.096,0.132,0.137,0.14,0.119,0.14,0.112,0.137,0.132,0.134,0.1
39:00:06,0,0.153,0.105,0.139,0.143,0.102,0.103,0.145,0.101,0.138,0.144,0.108,0.104,0.648,0.986,0.599,0.103,1.005,0.104,0.591,0.163,0.11,0.989,0.637,0.101,0.938,0.971,0.61,0.999,0.622,0.113,0.105,0.1,0.964,0.615,0.638,0.598,0.129,0.956,0.112,0.112,0.109,0.131,0.948,0.928,0.126,0.593,0.132,0.662,0.616,0.11,0.108,0.599,0.673,0.132,0.993,0.106,0.979,0.936,0.659,0.152,0.138,0.936,0.636,0.997,0.664,0.135,1.016,0.962,0.62,0.139,0.109,0.622,0.983,0.966,0.689,1.002,0.108,0.953,0.142,0.148,0.108,0.974,0.612,0.64,0.602,0.138,0.979,0.658,0.993,0.107,0.143,0.147,0.151,0.13,0.151,0.122,0.149,0.142,0.145,0.111
39:30:06,0,0.142,0.102,0.133,0.137,0.099,0.1,0.136,0.098,0.121,0.122,0.09,0.082,0.628,0.965,0.577,0.081,0.98,0.08,0.569,0.134,0.087,0.964,0.617,0.078,0.912,0.948,0.586,0.972,0.6,0.089,0.087,0.078,0.938,0.591,0.617,0.573,0.104,0.93,0.09,0.087,0.087,0.108,0.924,0.902,0.104,0.572,0.108,0.645,0.596,0.09,0.086,0.573,0.654,0.106,0.968,0.082,0.952,0.908,0.638,0.122,0.113,0.913,0.617,0.971,0.643,0.11,0.992,0.937,0.596,0.113,0.087,0.6,0.957,0.941,0.667,0.975,0.084,0.921,0.113,0.117,0.086,0.95,0.59,0.62,0.58,0.111,0.953,0.637,0.969,0.084,0.116,0.119,0.122,0.101,0.122,0.097,0.119,0.114,0.115,0.088
40:00:06,0,0.154,0.105,0.141,0.144,0.102,0.103,0.144,0.1,0.136,0.144,0.103,0.095,0.645,0.982,0.594,0.094,0.996,0.094,0.585,0.156,0.1,0.982,0.633,0.092,0.928,0.963,0.605,0.99,0.617,0.104,0.1,0.092,0.955,0.61,0.636,0.594,0.119,0.947,0.104,0.104,0.1,0.122,0.939,0.916,0.117,0.589,0.122,0.664,0.612,0.102,0.099,0.59,0.673,0.123,0.983,0.096,0.969,0.926,0.659,0.142,0.128,0.927,0.637,0.987,0.661,0.127,1.008,0.954,0.616,0.131,0.102,0.622,0.973,0.956,0.687,0.991,0.099,0.944,0.132,0.135,0.099,0.964,0.606,0.639,0.596,0.127,0.969,0.655,0.984,0.098,0.134,0.14,0.142,0.121,0.143,0.126,0.14,0.133,0.137,0.101
40:30:06,0,0.157,0.108,0.145,0.147,0.104,0.106,0.153,0.106,0.146,0.154,0.105,0.101,0.656,0.989,0.605,0.099,1.001,0.099,0.594,0.172,0.106,0.988,0.643,0.097,0.932,0.971,0.616,0.997,0.629,0.111,0.105,0.097,0.962,0.618,0.647,0.603,0.125,0.955,0.112,0.112,0.106,0.13,0.947,0.921,0.123,0.599,0.131,0.676,0.622,0.109,0.105,0.601,0.685,0.128,0.99,0.102,0.975,0.929,0.669,0.153,0.136,0.936,0.649,0.993,0.671,0.135,1.015,0.961,0.623,0.139,0.105,0.627,0.98,0.964,0.698,0.999,0.105,0.952,0.14,0.147,0.106,0.972,0.614,0.651,0.605,0.135,0.979,0.666,0.993,0.104,0.14,0.148,0.152,0.128,0.152,0.132,0.148,0.141,0.145,0.109
41:00:06,0,0.154,0.108,0.142,0.146,0.104,0.105,0.146,0.103,0.14,0.145,0.105,0.095,0.651,0.984,0.598,0.094,0.996,0.095,0.587,0.155,0.102,0.983,0.639,0.092,0.926,0.963,0.61,0.99,0.623,0.105,0.101,0.092,0.955,0.616,0.643,0.598,0.118,0.947,0.106,0.102,0.101,0.122,0.94,0.916,0.117,0.594,0.123,0.674,0.617,0.102,0.101,0.598,0.681,0.122,0.984,0.097,0.968,0.922,0.667,0.141,0.128,0.928,0.647,0.988,0.668,0.126,1.009,0.954,0.618,0.13,0.103,0.625,0.973,0.958,0.695,0.991,0.1,0.945,0.132,0.135,0.101,0.965,0.61,0.649,0.6,0.127,0.97,0.661,0.985,0.099,0.134,0.139,0.142,0.121,0.142,0.125,0.14,0.134,0.137,0.105
41:30:06,0,0.152,0.106,0.139,0.142,0.102,0.103,0.143,0.102,0.137,0.144,0.101,0.096,0.654,0.986,0.6,0.095,0.998,0.096,0.589,0.155,0.102,0.986,0.643,0.093,0.926,0.965,0.613,0.992,0.626,0.101,0.097,0.092,0.957,0.618,0.647,0.601,0.119,0.95,0.104,0.107,0.103,0.123,0.941,0.915,0.117,0.597,0.122,0.679,0.621,0.102,0.097,0.598,0.686,0.123,0.985,0.097,0.97,0.923,0.671,0.143,0.128,0.93,0.652,0.99,0.672,0.126,1.011,0.955,0.621,0.129,0.103,0.626,0.975,0.96,0.7,0.994,0.101,0.947,0.134,0.138,0.101,0.966,0.616,0.654,0.604,0.128,0.971,0.665,0.987,0.099,0.136,0.14,0.144,0.123,0.145,0.127,0.142,0.136,0.138,0.103
42:00:06,0,0.149,0.104,0.138,0.141,0.099,0.1,0.142,0.098,0.136,0.144,0.1,0.095,0.654,0.985,0.601,0.093,0.996,0.094,0.591,0.156,0.101,0.984,0.644,0.091,0.926,0.965,0.618,0.991,0.63,0.099,0.095,0.09,0.956,0.618,0.649,0.604,0.118,0.95,0.104,0.104,0.101,0.121,0.939,0.913,0.116,0.598,0.122,0.681,0.62,0.097,0.095,0.598,0.687,0.121,0.984,0.095,0.968,0.921,0.673,0.141,0.126,0.928,0.654,0.988,0.672,0.125,1.008,0.954,0.621,0.13,0.097,0.626,0.974,0.957,0.7,0.991,0.099,0.944,0.131,0.135,0.1,0.965,0.614,0.656,0.604,0.126,0.97,0.666,0.985,0.097,0.134,0.139,0.142,0.12,0.143,0.124,0.139,0.133,0.136,0.102
42:30:06,0,0.158,0.106,0.145,0.148,0.103,0.106,0.153,0.103,0.138,0.148,0.096,0.092,0.657,0.978,0.602,0.091,0.994,0.092,0.59,0.162,0.099,0.979,0.646,0.088,0.921,0.964,0.62,0.99,0.632,0.098,0.092,0.088,0.954,0.621,0.651,0.605,0.117,0.947,0.102,0.109,0.098,0.121,0.937,0.907,0.113,0.599,0.122,0.682,0.622,0.095,0.095,0.598,0.689,0.119,0.981,0.093,0.966,0.918,0.675,0.146,0.127,0.926,0.656,0.986,0.672,0.125,1.008,0.952,0.622,0.129,0.094,0.626,0.973,0.955,0.7,0.988,0.096,0.942,0.13,0.137,0.097,0.963,0.614,0.658,0.604,0.128,0.971,0.667,0.985,0.096,0.131,0.141,0.144,0.121,0.146,0.125,0.141,0.133,0.139,0.099
43:00:06,0,0.151,0.102,0.138,0.14,0.099,0.099,0.146,0.098,0.137,0.149,0.095,0.091,0.657,0.982,0.604,0.09,0.994,0.091,0.59,0.163,0.098,0.982,0.646,0.087,0.92,0.963,0.62,0.99,0.633,0.097,0.095,0.087,0.953,0.621,0.652,0.609,0.116,0.946,0.101,0.106,0.096,0.12,0.937,0.909,0.113,0.601,0.122,0.687,0.624,0.098,0.092,0.6,0.69,0.118,0.981,0.092,0.965,0.916,0.677,0.144,0.125,0.926,0.659,0.986,0.674,0.123,1.008,0.952,0.623,0.127,0.093,0.627,0.972,0.954,0.702,0.989,0.094,0.942,0.129,0.136,0.096,0.963,0.614,0.66,0.604,0.126,0.969,0.667,0.984,0.094,0.13,0.136,0.14,0.117,0.139,0.121,0.135,0.129,0.133,0.098
43:30:06,0,0.153,0.104,0.139,0.142,0.1,0.101,0.143,0.1,0.134,0.143,0.1,0.094,0.662,0.98,0.607,0.092,0.997,0.094,0.593,0.154,0.102,0.98,0.653,0.091,0.923,0.965,0.624,0.991,0.636,0.104,0.095,0.09,0.957,0.628,0.658,0.611,0.118,0.95,0.103,0.103,0.1,0.122,0.941,0.912,0.116,0.605,0.121,0.692,0.629,0.101,0.098,0.606,0.696,0.121,0.984,0.096,0.969,0.92,0.685,0.142,0.128,0.93,0.668,0.988,0.68,0.126,1.009,0.955,0.627,0.129,0.099,0.633,0.975,0.959,0.708,0.993,0.099,0.946,0.132,0.136,0.099,0.965,0.622,0.668,0.61,0.128,0.971,0.673,0.987,0.097,0.135,0.139,0.143,0.121,0.144,0.125,0.14,0.134,0.137,0.102
44:00:06,0,0.146,0.104,0.136,0.14,0.101,0.103,0.14,0.099,0.135,0.135,0.098,0.092,0.66,0.98,0.606,0.091,0.991,0.091,0.589,0.146,0.099,0.98,0.65,0.088,0.916,0.96,0.618,0.984,0.631,0.1,0.095,0.088,0.95,0.624,0.655,0.607,0.115,0.943,0.1,0.101,0.098,0.118,0.937,0.905,0.114,0.604,0.119,0.69,0.626,0.098,0.097,0.603,0.693,0.116,0.979,0.093,0.965,0.912,0.683,0.132,0.123,0.926,0.666,0.986,0.677,0.12,1.006,0.95,0.624,0.123,0.098,0.631,0.971,0.954,0.704,0.987,0.096,0.94,0.124,0.127,0.098,0.962,0.618,0.667,0.608,0.121,0.967,0.67,0.981,0.096,0.127,0.13,0.134,0.114,0.133,0.115,0.131,0.125,0.127,0.099
44:30:06,0,0.163,0.108,0.149,0.151,0.105,0.107,0.156,0.106,0.144,0.155,0.101,0.097,0.67,0.986,0.617,0.095,1.001,0.097,0.604,0.173,0.104,0.985,0.66,0.092,0.925,0.97,0.633,0.995,0.646,0.103,0.096,0.092,0.96,0.637,0.667,0.619,0.122,0.953,0.105,0.111,0.102,0.126,0.944,0.912,0.118,0.614,0.127,0.701,0.637,0.104,0.097,0.613,0.704,0.124,0.987,0.097,0.972,0.92,0.695,0.151,0.132,0.933,0.677,0.991,0.685,0.13,1.014,0.958,0.635,0.136,0.099,0.644,0.977,0.961,0.714,0.995,0.1,0.949,0.134,0.143,0.101,0.968,0.627,0.676,0.616,0.133,0.975,0.678,0.989,0.1,0.137,0.147,0.151,0.124,0.151,0.13,0.145,0.138,0.143,0.104
45:00:06,0,0.156,0.107,0.144,0.148,0.105,0.106,0.148,0.105,0.141,0.15,0.103,0.097,0.671,0.982,0.617,0.096,1,0.097,0.602,0.162,0.105,0.981,0.663,0.093,0.923,0.969,0.633,0.995,0.645,0.106,0.1,0.094,0.96,0.636,0.668,0.621,0.122,0.953,0.107,0.112,0.103,0.124,0.944,0.911,0.119,0.615,0.125,0.701,0.637,0.104,0.102,0.614,0.704,0.124,0.987,0.098,0.972,0.919,0.697,0.144,0.131,0.933,0.68,0.993,0.689,0.128,1.013,0.959,0.638,0.133,0.103,0.644,0.977,0.962,0.715,0.996,0.102,0.949,0.135,0.139,0.103,0.968,0.628,0.68,0.619,0.13,0.974,0.68,0.99,0.101,0.137,0.142,0.145,0.123,0.145,0.127,0.143,0.136,0.139,0.104
45:30:06,0,0.162,0.108,0.147,0.149,0.105,0.107,0.157,0.106,0.147,0.159,0.11,0.104,0.68,0.996,0.627,0.102,1.007,0.104,0.609,0.177,0.114,0.995,0.672,0.1,0.929,0.976,0.645,1.003,0.655,0.116,0.108,0.1,0.967,0.646,0.677,0.631,0.129,0.961,0.114,0.115,0.111,0.133,0.952,0.917,0.125,0.626,0.135,0.712,0.65,0.112,0.108,0.624,0.715,0.132,0.995,0.105,0.98,0.928,0.707,0.16,0.141,0.942,0.69,1.002,0.697,0.138,1.021,0.966,0.646,0.144,0.106,0.652,0.987,0.969,0.724,1.003,0.108,0.958,0.143,0.152,0.111,0.977,0.638,0.69,0.628,0.14,0.984,0.689,0.998,0.108,0.144,0.153,0.158,0.131,0.156,0.135,0.152,0.143,0.149,0.115
46:00:06,0,0.154,0.106,0.142,0.145,0.103,0.104,0.146,0.103,0.135,0.142,0.101,0.092,0.668,0.984,0.617,0.092,0.995,0.093,0.601,0.156,0.1,0.984,0.662,0.088,0.918,0.966,0.633,0.991,0.644,0.102,0.093,0.088,0.955,0.635,0.667,0.62,0.116,0.948,0.101,0.103,0.098,0.118,0.94,0.904,0.113,0.615,0.119,0.701,0.637,0.099,0.093,0.613,0.702,0.119,0.983,0.094,0.968,0.913,0.698,0.139,0.125,0.929,0.68,0.99,0.686,0.122,1.01,0.954,0.634,0.126,0.098,0.64,0.973,0.958,0.712,0.99,0.096,0.945,0.127,0.132,0.098,0.963,0.628,0.679,0.619,0.123,0.969,0.676,0.985,0.095,0.132,0.137,0.14,0.117,0.14,0.121,0.137,0.13,0.134,0.099
46:30:06,0,0.156,0.105,0.141,0.144,0.102,0.102,0.145,0.101,0.135,0.141,0.097,0.091,0.669,0.983,0.617,0.09,0.994,0.092,0.6,0.152,0.098,0.983,0.662,0.087,0.916,0.964,0.633,0.991,0.643,0.101,0.094,0.087,0.955,0.636,0.667,0.621,0.114,0.948,0.1,0.104,0.097,0.119,0.939,0.903,0.112,0.617,0.117,0.702,0.639,0.098,0.096,0.616,0.703,0.118,0.982,0.092,0.968,0.914,0.699,0.14,0.125,0.929,0.682,0.989,0.688,0.122,1.01,0.953,0.636,0.126,0.099,0.643,0.974,0.958,0.714,0.991,0.096,0.946,0.128,0.133,0.098,0.964,0.631,0.682,0.62,0.124,0.97,0.678,0.985,0.094,0.132,0.139,0.14,0.118,0.142,0.122,0.138,0.131,0.134,0.102
47:00:06,0,0.156,0.107,0.143,0.145,0.103,0.103,0.147,0.103,0.14,0.152,0.108,0.102,0.681,0.99,0.631,0.101,1.005,0.102,0.612,0.166,0.109,0.989,0.677,0.097,0.926,0.974,0.648,1.001,0.658,0.106,0.103,0.097,0.965,0.651,0.681,0.634,0.126,0.96,0.111,0.116,0.107,0.128,0.95,0.913,0.122,0.63,0.128,0.714,0.653,0.109,0.106,0.628,0.715,0.128,0.994,0.103,0.978,0.923,0.713,0.151,0.135,0.94,0.694,0.999,0.699,0.133,1.021,0.964,0.648,0.137,0.106,0.655,0.984,0.969,0.724,1.001,0.106,0.956,0.138,0.143,0.107,0.974,0.642,0.694,0.632,0.134,0.98,0.69,0.995,0.105,0.143,0.149,0.152,0.128,0.153,0.133,0.149,0.142,0.146,0.111
47:30:06,0,0.159,0.107,0.143,0.146,0.104,0.104,0.146,0.102,0.136,0.145,0.102,0.096,0.677,0.985,0.627,0.094,0.999,0.098,0.606,0.158,0.104,0.985,0.672,0.092,0.919,0.967,0.642,0.993,0.653,0.104,0.101,0.092,0.959,0.647,0.677,0.629,0.122,0.955,0.105,0.11,0.102,0.124,0.944,0.906,0.118,0.626,0.122,0.708,0.649,0.104,0.101,0.624,0.71,0.122,0.987,0.097,0.972,0.915,0.708,0.144,0.131,0.933,0.691,0.993,0.694,0.128,1.013,0.958,0.644,0.131,0.101,0.65,0.979,0.962,0.718,0.995,0.101,0.949,0.133,0.139,0.103,0.968,0.64,0.691,0.628,0.13,0.974,0.685,0.99,0.1,0.138,0.143,0.146,0.123,0.146,0.127,0.143,0.136,0.139,0.106
48:00:06,0,0.16,0.106,0.143,0.146,0.104,0.104,0.147,0.103,0.138,0.146,0.1,0.095,0.675,0.986,0.626,0.093,0.997,0.095,0.607,0.158,0.102,0.984,0.67,0.09,0.917,0.966,0.644,0.993,0.652,0.099,0.096,0.09,0.957,0.645,0.676,0.631,0.12,0.95,0.104,0.108,0.101,0.121,0.943,0.903,0.116,0.626,0.121,0.708,0.648,0.101,0.098,0.624,0.708,0.121,0.987,0.096,0.971,0.914,0.709,0.144,0.128,0.931,0.69,0.99,0.693,0.125,1.011,0.958,0.643,0.13,0.101,0.65,0.977,0.962,0.718,0.994,0.099,0.947,0.133,0.137,0.099,0.966,0.639,0.689,0.627,0.126,0.971,0.683,0.987,0.098,0.137,0.141,0.145,0.121,0.146,0.126,0.142,0.136,0.139,0.103
48:30:06,0,0.165,0.109,0.144,0.148,0.104,0.105,0.149,0.104,0.142,0.152,0.105,0.099,0.68,0.985,0.632,0.096,1.001,0.1,0.61,0.161,0.108,0.986,0.677,0.094,0.922,0.971,0.651,0.998,0.659,0.104,0.1,0.094,0.963,0.653,0.683,0.638,0.13,0.959,0.108,0.108,0.106,0.126,0.947,0.909,0.121,0.633,0.126,0.714,0.655,0.105,0.102,0.63,0.713,0.126,0.991,0.1,0.977,0.918,0.716,0.151,0.133,0.936,0.697,0.993,0.699,0.131,1.014,0.962,0.65,0.136,0.103,0.656,0.98,0.966,0.723,0.998,0.104,0.953,0.137,0.145,0.104,0.967,0.646,0.696,0.634,0.132,0.974,0.689,0.989,0.101,0.142,0.147,0.149,0.125,0.151,0.13,0.145,0.139,0.143,0.108
49:00:06,0,0.164,0.109,0.144,0.148,0.103,0.103,0.15,0.105,0.142,0.155,0.106,0.1,0.684,0.992,0.637,0.098,1.003,0.1,0.614,0.164,0.108,0.99,0.679,0.095,0.92,0.97,0.652,0.999,0.659,0.104,0.102,0.095,0.963,0.654,0.684,0.64,0.125,0.959,0.11,0.116,0.107,0.126,0.948,0.906,0.121,0.636,0.126,0.715,0.658,0.107,0.105,0.633,0.715,0.127,0.992,0.1,0.977,0.919,0.718,0.152,0.134,0.938,0.699,0.997,0.701,0.131,1.018,0.963,0.652,0.138,0.105,0.658,0.98,0.966,0.722,0.999,0.103,0.953,0.135,0.14,0.105,0.97,0.645,0.698,0.637,0.132,0.978,0.69,0.993,0.103,0.14,0.147,0.149,0.125,0.15,0.13,0.146,0.139,0.142,0.125
49:30:06,0,0.153,0.109,0.138,0.142,0.104,0.103,0.142,0.103,0.132,0.142,0.103,0.097,0.68,0.982,0.634,0.094,0.996,0.095,0.608,0.154,0.104,0.98,0.677,0.092,0.913,0.966,0.648,1.008,0.674,0.126,0.12,0.112,0.976,0.671,0.699,0.654,0.139,0.969,0.124,0.129,0.124,0.144,0.962,0.921,0.139,0.653,0.144,0.731,0.674,0.124,0.12,0.651,0.729,0.141,1.003,0.117,0.988,0.929,0.731,0.161,0.148,0.952,0.716,1.01,0.716,0.146,1.03,0.976,0.669,0.15,0.122,0.675,0.995,0.981,0.737,1.012,0.121,0.965,0.151,0.155,0.123,0.985,0.665,0.714,0.654,0.146,0.99,0.706,1.005,0.121,0.154,0.158,0.161,0.139,0.161,0.142,0.158,0.153,0.155,0.126
50:00:06,0,0.162,0.109,0.143,0.146,0.104,0.104,0.147,0.103,0.141,0.15,0.104,0.097,0.682,0.988,0.639,0.096,0.999,0.099,0.614,0.164,0.105,0.987,0.679,0.093,0.916,0.969,0.653,0.995,0.66,0.106,0.098,0.093,0.961,0.656,0.683,0.642,0.123,0.954,0.106,0.117,0.105,0.125,0.946,0.903,0.118,0.637,0.125,0.714,0.66,0.103,0.101,0.633,0.711,0.124,0.988,0.098,0.974,0.913,0.715,0.149,0.13,0.934,0.698,0.994,0.698,0.129,1.014,0.961,0.653,0.135,0.103,0.659,0.979,0.965,0.72,0.996,0.102,0.951,0.135,0.142,0.102,0.967,0.647,0.696,0.637,0.129,0.973,0.688,0.989,0.102,0.139,0.145,0.147,0.125,0.148,0.127,0.143,0.136,0.14,0.105
50:30:06,0,0.165,0.109,0.144,0.147,0.104,0.105,0.15,0.105,0.144,0.156,0.104,0.099,0.684,0.989,0.642,0.097,1,0.1,0.616,0.163,0.105,0.988,0.681,0.094,0.916,0.969,0.658,0.999,0.662,0.105,0.1,0.094,0.962,0.659,0.687,0.646,0.123,0.957,0.109,0.115,0.105,0.126,0.948,0.905,0.12,0.641,0.126,0.716,0.663,0.106,0.101,0.637,0.712,0.125,0.99,0.099,0.975,0.917,0.717,0.149,0.132,0.936,0.7,0.995,0.701,0.131,1.016,0.963,0.655,0.136,0.103,0.662,0.98,0.967,0.721,0.998,0.103,0.953,0.135,0.141,0.104,0.968,0.651,0.698,0.642,0.13,0.975,0.69,0.99,0.102,0.139,0.147,0.148,0.126,0.149,0.128,0.144,0.138,0.141,0.124
51:00:06,0,0.163,0.108,0.142,0.146,0.103,0.103,0.147,0.104,0.137,0.154,0.104,0.097,0.685,0.989,0.641,0.096,0.999,0.098,0.616,0.165,0.104,0.987,0.682,0.092,0.916,0.969,0.658,0.997,0.663,0.102,0.098,0.092,0.962,0.659,0.685,0.647,0.121,0.955,0.107,0.11,0.103,0.123,0.946,0.902,0.117,0.641,0.125,0.714,0.664,0.103,0.099,0.638,0.711,0.123,0.989,0.098,0.975,0.914,0.719,0.149,0.131,0.936,0.7,0.994,0.7,0.129,1.016,0.962,0.655,0.135,0.1,0.661,0.978,0.965,0.72,0.996,0.101,0.952,0.134,0.14,0.103,0.967,0.649,0.698,0.641,0.128,0.974,0.689,0.988,0.101,0.14,0.148,0.149,0.125,0.15,0.128,0.144,0.137,0.143,0.104
51:30:06,0,0.166,0.108,0.144,0.147,0.105,0.104,0.149,0.105,0.144,0.157,0.106,0.1,0.688,0.988,0.647,0.097,1.003,0.101,0.62,0.166,0.106,0.988,0.685,0.094,0.919,0.969,0.662,1,0.666,0.104,0.1,0.094,0.966,0.663,0.689,0.65,0.122,0.96,0.109,0.111,0.106,0.127,0.95,0.905,0.12,0.646,0.127,0.717,0.666,0.106,0.1,0.642,0.713,0.125,0.993,0.1,0.977,0.915,0.722,0.149,0.133,0.939,0.703,0.997,0.703,0.131,1.018,0.966,0.658,0.137,0.103,0.665,0.981,0.969,0.723,1,0.103,0.955,0.136,0.142,0.106,0.97,0.652,0.702,0.646,0.131,0.978,0.693,0.993,0.102,0.144,0.152,0.151,0.128,0.153,0.131,0.148,0.14,0.143,0.107
52:00:06,0,0.146,0.111,0.136,0.138,0.105,0.105,0.137,0.103,0.127,0.139,0.109,0.1,0.687,0.987,0.644,0.098,0.993,0.098,0.613,0.144,0.109,0.984,0.684,0.095,0.911,0.967,0.657,0.99,0.661,0.108,0.105,0.095,0.957,0.662,0.685,0.644,0.122,0.951,0.107,0.11,0.109,0.127,0.945,0.898,0.124,0.646,0.128,0.714,0.666,0.108,0.106,0.641,0.71,0.123,0.985,0.1,0.969,0.906,0.717,0.134,0.132,0.935,0.702,0.995,0.7,0.129,1.013,0.959,0.656,0.129,0.107,0.664,0.976,0.962,0.717,0.993,0.104,0.948,0.128,0.13,0.11,0.966,0.653,0.7,0.647,0.127,0.972,0.692,0.988,0.103,0.133,0.137,0.137,0.122,0.136,0.123,0.134,0.131,0.131,0.113
52:30:06,0,0.17,0.111,0.147,0.149,0.106,0.107,0.152,0.108,0.143,0.161,0.106,0.1,0.689,0.99,0.649,0.098,1.002,0.101,0.621,0.168,0.107,0.986,0.687,0.095,0.916,0.972,0.665,1,0.668,0.102,0.101,0.095,0.965,0.667,0.69,0.654,0.124,0.959,0.109,0.118,0.108,0.126,0.95,0.903,0.121,0.649,0.127,0.716,0.669,0.107,0.101,0.646,0.714,0.127,0.993,0.1,0.978,0.915,0.725,0.151,0.134,0.939,0.704,0.998,0.704,0.131,1.019,0.966,0.66,0.137,0.103,0.669,0.981,0.97,0.722,1,0.105,0.955,0.135,0.142,0.106,0.97,0.657,0.704,0.649,0.132,0.979,0.695,0.993,0.103,0.144,0.154,0.152,0.128,0.153,0.132,0.148,0.141,0.146,0.127
53:00:06,0,0.157,0.11,0.139,0.142,0.105,0.103,0.144,0.102,0.13,0.147,0.1,0.093,0.682,0.982,0.643,0.092,0.993,0.093,0.613,0.152,0.102,0.98,0.681,0.089,0.907,0.963,0.657,0.99,0.659,0.097,0.098,0.091,0.959,0.662,0.684,0.646,0.117,0.952,0.101,0.102,0.105,0.122,0.943,0.895,0.118,0.646,0.122,0.711,0.665,0.102,0.098,0.642,0.707,0.119,0.986,0.096,0.971,0.906,0.719,0.138,0.128,0.934,0.7,0.992,0.699,0.125,1.012,0.96,0.657,0.128,0.101,0.664,0.975,0.964,0.715,0.994,0.099,0.95,0.127,0.132,0.103,0.965,0.655,0.698,0.647,0.125,0.971,0.689,0.988,0.098,0.132,0.138,0.139,0.118,0.138,0.121,0.135,0.129,0.13,0.116
53:30:06,0,0.156,0.109,0.139,0.142,0.104,0.102,0.144,0.104,0.134,0.149,0.103,0.096,0.687,0.983,0.649,0.094,0.997,0.096,0.618,0.16,0.105,0.981,0.684,0.092,0.909,0.964,0.662,0.994,0.663,0.099,0.098,0.091,0.96,0.665,0.685,0.648,0.117,0.953,0.104,0.104,0.104,0.122,0.946,0.896,0.118,0.649,0.122,0.712,0.667,0.102,0.097,0.643,0.707,0.12,0.987,0.096,0.972,0.905,0.72,0.138,0.128,0.934,0.699,0.994,0.699,0.124,1.014,0.961,0.657,0.128,0.1,0.666,0.975,0.964,0.715,0.996,0.1,0.95,0.128,0.133,0.108,0.965,0.656,0.699,0.649,0.126,0.972,0.691,0.989,0.099,0.134,0.141,0.14,0.12,0.14,0.122,0.136,0.13,0.132,0.117
54:00:06,0,0.174,0.11,0.149,0.15,0.104,0.103,0.158,0.106,0.148,0.169,0.103,0.097,0.692,0.985,0.654,0.096,0.999,0.098,0.623,0.179,0.106,0.985,0.69,0.092,0.915,0.973,0.674,1.001,0.673,0.108,0.099,0.092,0.965,0.672,0.69,0.657,0.122,0.96,0.107,0.117,0.107,0.127,0.949,0.901,0.119,0.654,0.13,0.716,0.674,0.105,0.1,0.65,0.711,0.126,0.991,0.098,0.977,0.914,0.725,0.159,0.137,0.939,0.702,0.994,0.703,0.133,1.017,0.967,0.665,0.14,0.1,0.672,0.979,0.97,0.72,1,0.102,0.955,0.139,0.15,0.108,0.967,0.66,0.702,0.653,0.133,0.978,0.695,0.991,0.102,0.144,0.157,0.158,0.126,0.154,0.131,0.148,0.139,0.145,0.128
54:30:06,0,0.174,0.109,0.148,0.151,0.106,0.103,0.154,0.106,0.143,0.161,0.103,0.097,0.691,0.99,0.654,0.095,0.999,0.099,0.624,0.169,0.105,0.987,0.691,0.093,0.914,0.969,0.671,1,0.671,0.104,0.099,0.093,0.963,0.67,0.69,0.659,0.121,0.958,0.107,0.11,0.105,0.125,0.95,0.899,0.119,0.654,0.126,0.714,0.673,0.104,0.1,0.652,0.709,0.124,0.996,0.098,0.977,0.911,0.724,0.149,0.133,0.938,0.703,0.996,0.703,0.129,1.016,0.964,0.662,0.134,0.101,0.672,0.977,0.969,0.719,0.999,0.102,0.954,0.134,0.139,0.108,0.968,0.661,0.702,0.654,0.131,0.977,0.694,0.992,0.101,0.144,0.152,0.151,0.125,0.15,0.128,0.144,0.138,0.141,0.122
55:00:06,0,0.162,0.108,0.139,0.143,0.104,0.104,0.145,0.102,0.132,0.146,0.096,0.089,0.682,0.982,0.646,0.087,0.989,0.089,0.614,0.155,0.097,0.976,0.68,0.084,0.901,0.961,0.659,0.988,0.659,0.095,0.092,0.083,0.953,0.661,0.679,0.644,0.111,0.946,0.096,0.099,0.095,0.115,0.939,0.889,0.111,0.645,0.116,0.704,0.664,0.095,0.091,0.64,0.699,0.112,0.98,0.089,0.965,0.898,0.713,0.134,0.12,0.928,0.692,0.986,0.693,0.118,1.007,0.954,0.653,0.122,0.093,0.663,0.967,0.959,0.71,0.988,0.093,0.944,0.122,0.126,0.102,0.957,0.65,0.692,0.646,0.119,0.967,0.684,0.98,0.09,0.129,0.137,0.136,0.112,0.135,0.116,0.131,0.124,0.128,0.111
55:30:06,0,0.181,0.114,0.154,0.155,0.109,0.107,0.165,0.111,0.155,0.177,0.112,0.105,0.701,0.995,0.666,0.103,1.006,0.106,0.635,0.192,0.115,0.993,0.699,0.099,0.917,0.977,0.682,1.008,0.681,0.111,0.106,0.1,0.972,0.679,0.7,0.667,0.131,0.966,0.115,0.12,0.113,0.135,0.957,0.905,0.127,0.665,0.148,0.722,0.686,0.112,0.105,0.659,0.716,0.133,0.999,0.105,0.985,0.917,0.733,0.166,0.142,0.945,0.708,1.003,0.709,0.139,1.025,0.974,0.671,0.146,0.107,0.681,0.982,0.976,0.725,1.006,0.109,0.961,0.143,0.154,0.116,0.974,0.667,0.708,0.662,0.14,0.984,0.7,0.998,0.109,0.153,0.167,0.167,0.133,0.164,0.138,0.156,0.147,0.153,0.134
56:00:06,0,0.175,0.11,0.147,0.151,0.105,0.102,0.153,0.105,0.142,0.164,0.101,0.096,0.691,0.985,0.656,0.095,0.998,0.098,0.625,0.17,0.105,0.983,0.69,0.092,0.908,0.966,0.672,0.998,0.67,0.103,0.098,0.091,0.962,0.674,0.689,0.657,0.128,0.957,0.106,0.115,0.104,0.123,0.948,0.895,0.117,0.655,0.131,0.71,0.674,0.104,0.101,0.65,0.704,0.122,0.988,0.096,0.976,0.905,0.723,0.148,0.131,0.935,0.699,0.994,0.7,0.127,1.014,0.964,0.661,0.133,0.102,0.672,0.972,0.966,0.713,0.997,0.1,0.952,0.132,0.137,0.106,0.965,0.66,0.699,0.655,0.129,0.974,0.691,0.988,0.101,0.146,0.154,0.153,0.125,0.152,0.128,0.145,0.138,0.143,0.128
56:30:06,0,0.174,0.114,0.148,0.152,0.108,0.106,0.154,0.108,0.145,0.16,0.104,0.097,0.692,0.988,0.658,0.095,0.998,0.099,0.627,0.173,0.105,0.984,0.691,0.092,0.908,0.968,0.673,0.999,0.673,0.104,0.098,0.091,0.963,0.672,0.689,0.66,0.135,0.958,0.106,0.111,0.105,0.124,0.948,0.896,0.118,0.657,0.131,0.71,0.676,0.103,0.101,0.652,0.704,0.123,0.99,0.097,0.976,0.906,0.723,0.149,0.132,0.936,0.699,0.995,0.701,0.128,1.015,0.964,0.663,0.133,0.103,0.674,0.973,0.967,0.714,0.998,0.104,0.953,0.134,0.14,0.107,0.965,0.663,0.7,0.659,0.129,0.974,0.691,0.99,0.099,0.146,0.154,0.154,0.125,0.15,0.127,0.145,0.136,0.14,0.126
57:00:06,0,0.174,0.108,0.145,0.15,0.103,0.101,0.152,0.105,0.142,0.161,0.106,0.099,0.694,0.988,0.662,0.098,1,0.101,0.632,0.173,0.107,0.986,0.695,0.094,0.91,0.969,0.677,1,0.675,0.106,0.101,0.094,0.966,0.679,0.693,0.665,0.138,0.961,0.11,0.113,0.107,0.126,0.951,0.897,0.12,0.66,0.134,0.711,0.68,0.107,0.105,0.656,0.705,0.125,0.993,0.099,0.978,0.907,0.726,0.152,0.135,0.938,0.701,0.995,0.703,0.13,1.018,0.967,0.666,0.135,0.102,0.677,0.972,0.969,0.714,1,0.103,0.956,0.135,0.14,0.105,0.968,0.665,0.703,0.662,0.133,0.976,0.694,0.992,0.103,0.15,0.159,0.158,0.129,0.157,0.132,0.15,0.143,0.147,0.134
57:30:06,0,0.174,0.11,0.145,0.15,0.104,0.104,0.151,0.106,0.141,0.155,0.095,0.093,0.687,0.98,0.654,0.09,0.991,0.093,0.622,0.167,0.102,0.974,0.686,0.087,0.902,0.96,0.67,0.992,0.669,0.098,0.094,0.087,0.958,0.669,0.683,0.654,0.128,0.953,0.101,0.115,0.099,0.119,0.944,0.889,0.114,0.654,0.128,0.704,0.673,0.099,0.096,0.649,0.697,0.117,0.982,0.092,0.969,0.898,0.718,0.144,0.127,0.93,0.693,0.989,0.694,0.122,1.009,0.958,0.658,0.127,0.097,0.669,0.965,0.96,0.705,0.991,0.096,0.947,0.126,0.13,0.102,0.96,0.659,0.695,0.654,0.126,0.97,0.686,0.984,0.097,0.143,0.152,0.152,0.122,0.149,0.125,0.143,0.135,0.141,0.127
58:00:06,0,0.179,0.11,0.15,0.153,0.105,0.104,0.162,0.107,0.154,0.175,0.11,0.104,0.7,0.992,0.671,0.101,1.004,0.105,0.639,0.195,0.114,0.988,0.698,0.097,0.912,0.969,0.685,1.006,0.68,0.111,0.103,0.097,0.97,0.681,0.696,0.668,0.141,0.965,0.112,0.125,0.112,0.133,0.956,0.901,0.125,0.668,0.144,0.716,0.686,0.11,0.104,0.662,0.707,0.129,0.996,0.102,0.982,0.908,0.729,0.163,0.144,0.943,0.704,0.999,0.705,0.136,1.021,0.973,0.671,0.143,0.104,0.682,0.975,0.972,0.716,1.004,0.107,0.96,0.14,0.15,0.114,0.971,0.672,0.706,0.667,0.139,0.98,0.697,0.995,0.107,0.156,0.167,0.168,0.133,0.162,0.136,0.156,0.146,0.153,0.139
58:30:06,0,0.175,0.112,0.148,0.154,0.105,0.104,0.154,0.106,0.142,0.164,0.103,0.097,0.693,0.985,0.664,0.096,0.998,0.099,0.632,0.18,0.107,0.981,0.692,0.092,0.904,0.963,0.677,0.999,0.672,0.104,0.099,0.092,0.964,0.675,0.689,0.664,0.132,0.959,0.106,0.11,0.104,0.124,0.95,0.893,0.12,0.661,0.132,0.708,0.681,0.102,0.098,0.657,0.699,0.123,0.991,0.098,0.976,0.902,0.724,0.151,0.134,0.935,0.698,0.995,0.699,0.128,1.015,0.966,0.665,0.133,0.1,0.676,0.969,0.966,0.708,0.998,0.101,0.953,0.132,0.139,0.108,0.965,0.666,0.699,0.662,0.131,0.974,0.689,0.989,0.101,0.149,0.155,0.155,0.125,0.152,0.128,0.146,0.138,0.143,0.129
59:00:06,0,0.185,0.113,0.154,0.16,0.107,0.108,0.165,0.109,0.154,0.172,0.104,0.101,0.699,0.99,0.671,0.099,1.002,0.103,0.639,0.195,0.11,0.983,0.699,0.095,0.909,0.968,0.686,1.004,0.68,0.109,0.102,0.095,0.968,0.684,0.694,0.669,0.139,0.965,0.11,0.115,0.108,0.13,0.953,0.897,0.124,0.667,0.14,0.711,0.685,0.106,0.103,0.662,0.703,0.127,0.993,0.1,0.98,0.907,0.727,0.163,0.143,0.939,0.701,0.997,0.703,0.134,1.019,0.97,0.669,0.139,0.103,0.68,0.973,0.968,0.713,1.001,0.105,0.958,0.138,0.148,0.113,0.969,0.672,0.703,0.667,0.137,0.979,0.693,0.992,0.105,0.154,0.166,0.167,0.131,0.161,0.134,0.155,0.145,0.152,0.134
59:30:06,0,0.179,0.114,0.152,0.157,0.109,0.104,0.157,0.111,0.148,0.167,0.103,0.098,0.693,0.984,0.666,0.097,0.996,0.101,0.634,0.181,0.108,0.981,0.695,0.093,0.902,0.961,0.679,0.999,0.674,0.106,0.099,0.093,0.963,0.677,0.688,0.666,0.133,0.958,0.107,0.107,0.106,0.125,0.95,0.892,0.122,0.663,0.133,0.704,0.681,0.102,0.1,0.659,0.697,0.125,0.99,0.099,0.978,0.9,0.725,0.156,0.136,0.934,0.696,0.994,0.698,0.128,1.016,0.966,0.665,0.133,0.102,0.677,0.975,0.964,0.706,0.997,0.102,0.954,0.134,0.14,0.113,0.964,0.667,0.698,0.664,0.132,0.975,0.687,0.989,0.102,0.153,0.16,0.161,0.129,0.158,0.131,0.15,0.143,0.149,0.132
60:00:06,0,0.177,0.111,0.148,0.156,0.105,0.102,0.154,0.106,0.145,0.167,0.106,0.1,0.692,0.988,0.667,0.098,0.997,0.101,0.635,0.18,0.109,0.982,0.696,0.094,0.903,0.963,0.68,0.999,0.675,0.107,0.128,0.119,0.988,0.703,0.713,0.69,0.161,0.984,0.133,0.145,0.133,0.153,0.975,0.918,0.149,0.689,0.16,0.73,0.708,0.131,0.127,0.684,0.72,0.151,1.014,0.124,1.002,0.925,0.748,0.178,0.165,0.958,0.721,1.018,0.723,0.157,1.041,0.992,0.691,0.163,0.132,0.703,0.996,0.989,0.73,1.023,0.129,0.979,0.159,0.167,0.145,0.988,0.693,0.724,0.691,0.159,0.999,0.711,1.014,0.131,0.181,0.188,0.189,0.157,0.185,0.159,0.178,0.171,0.175,0.155
60:30:06,0,0.178,0.108,0.148,0.154,0.103,0.099,0.155,0.104,0.157,0.18,0.114,0.108,0.701,0.993,0.676,0.106,1.004,0.11,0.646,0.194,0.117,0.988,0.704,0.103,0.912,0.969,0.691,1.008,0.683,0.119,0.11,0.102,0.972,0.686,0.695,0.673,0.143,0.967,0.116,0.116,0.115,0.136,0.958,0.9,0.133,0.672,0.143,0.712,0.691,0.115,0.11,0.669,0.702,0.134,0.998,0.107,0.986,0.907,0.732,0.166,0.149,0.942,0.704,1.002,0.705,0.14,1.025,0.975,0.674,0.145,0.111,0.687,0.981,0.974,0.713,1.006,0.113,0.963,0.146,0.152,0.128,0.97,0.678,0.706,0.676,0.144,0.983,0.693,0.998,0.113,0.166,0.173,0.171,0.139,0.169,0.141,0.159,0.152,0.156,0.137
61:00:06,0,0.174,0.11,0.146,0.152,0.102,0.098,0.15,0.102,0.138,0.157,0.097,0.089,0.679,0.973,0.659,0.088,0.986,0.091,0.625,0.168,0.1,0.967,0.684,0.086,0.891,0.948,0.669,0.99,0.664,0.101,0.09,0.084,0.954,0.669,0.675,0.656,0.124,0.949,0.098,0.104,0.098,0.115,0.941,0.881,0.113,0.655,0.122,0.692,0.674,0.096,0.09,0.651,0.682,0.114,0.979,0.089,0.967,0.888,0.713,0.147,0.13,0.922,0.683,0.984,0.685,0.12,1.008,0.958,0.654,0.127,0.092,0.668,0.96,0.954,0.692,0.989,0.094,0.944,0.124,0.132,0.108,0.952,0.658,0.686,0.658,0.122,0.965,0.67,0.98,0.095,0.144,0.151,0.151,0.12,0.148,0.122,0.139,0.131,0.135,0.116
61:30:06,0,0.187,0.116,0.156,0.163,0.109,0.106,0.168,0.112,0.156,0.179,0.112,0.105,0.697,0.995,0.678,0.102,1.002,0.106,0.645,0.198,0.115,0.99,0.701,0.099,0.905,0.965,0.689,1.006,0.682,0.111,0.105,0.098,0.971,0.682,0.693,0.672,0.141,0.965,0.113,0.127,0.113,0.133,0.956,0.896,0.129,0.671,0.143,0.707,0.69,0.11,0.106,0.666,0.697,0.13,0.995,0.103,0.983,0.905,0.729,0.17,0.149,0.938,0.699,1,0.699,0.138,1.025,0.975,0.67,0.146,0.106,0.683,0.979,0.97,0.706,1.004,0.108,0.96,0.14,0.153,0.125,0.97,0.677,0.703,0.674,0.143,0.984,0.685,0.997,0.109,0.158,0.17,0.172,0.134,0.166,0.137,0.157,0.147,0.155,0.134
62:00:06,0,0.177,0.109,0.15,0.155,0.105,0.101,0.155,0.106,0.144,0.166,0.103,0.097,0.686,0.983,0.667,0.095,0.992,0.099,0.633,0.175,0.107,0.978,0.692,0.092,0.898,0.957,0.678,0.998,0.671,0.104,0.101,0.093,0.964,0.676,0.683,0.665,0.133,0.959,0.108,0.111,0.108,0.124,0.95,0.889,0.122,0.664,0.132,0.698,0.683,0.105,0.101,0.66,0.687,0.125,0.99,0.099,0.977,0.898,0.722,0.16,0.139,0.93,0.69,0.991,0.69,0.129,1.017,0.967,0.661,0.136,0.104,0.676,0.973,0.963,0.697,0.997,0.104,0.954,0.134,0.141,0.118,0.962,0.671,0.694,0.667,0.132,0.975,0.674,0.988,0.101,0.153,0.16,0.16,0.128,0.157,0.131,0.149,0.141,0.145,0.125
62:30:06,0,0.154,0.114,0.139,0.143,0.106,0.103,0.142,0.105,0.127,0.141,0.105,0.095,0.679,0.979,0.662,0.092,0.979,0.094,0.626,0.149,0.107,0.972,0.687,0.09,0.887,0.944,0.668,0.984,0.661,0.101,0.1,0.089,0.953,0.667,0.674,0.652,0.118,0.945,0.101,0.103,0.112,0.122,0.941,0.88,0.119,0.658,0.123,0.69,0.677,0.101,0.1,0.653,0.677,0.117,0.978,0.094,0.964,0.883,0.711,0.134,0.131,0.92,0.683,0.985,0.681,0.123,1.007,0.956,0.654,0.124,0.102,0.668,0.961,0.95,0.685,0.985,0.099,0.942,0.121,0.125,0.107,0.953,0.662,0.685,0.662,0.122,0.964,0.665,0.978,0.098,0.133,0.136,0.138,0.117,0.134,0.118,0.13,0.126,0.125,0.114
63:00:06,0,0.18,0.112,0.153,0.16,0.107,0.103,0.159,0.108,0.152,0.172,0.107,0.102,0.687,0.987,0.673,0.1,0.994,0.104,0.64,0.188,0.112,0.98,0.695,0.096,0.9,0.968,0.682,1,0.675,0.111,0.104,0.096,0.964,0.679,0.684,0.667,0.137,0.96,0.112,0.12,0.11,0.127,0.951,0.891,0.125,0.666,0.135,0.696,0.685,0.108,0.106,0.663,0.684,0.127,0.991,0.101,0.979,0.897,0.722,0.162,0.141,0.929,0.689,0.99,0.687,0.132,1.019,0.969,0.661,0.139,0.108,0.677,0.972,0.963,0.695,0.999,0.107,0.955,0.137,0.145,0.12,0.961,0.67,0.694,0.673,0.136,0.976,0.67,0.989,0.108,0.156,0.163,0.164,0.13,0.161,0.133,0.151,0.143,0.147,0.127
63:30:06,0,0.172,0.115,0.149,0.154,0.109,0.105,0.154,0.11,0.141,0.164,0.11,0.106,0.687,0.989,0.675,0.102,0.993,0.106,0.64,0.182,0.116,0.981,0.695,0.099,0.897,0.965,0.679,0.997,0.672,0.112,0.108,0.099,0.965,0.677,0.681,0.663,0.135,0.958,0.111,0.118,0.116,0.13,0.952,0.89,0.128,0.668,0.134,0.697,0.686,0.112,0.109,0.664,0.684,0.128,0.99,0.104,0.978,0.896,0.722,0.158,0.142,0.93,0.689,0.988,0.686,0.133,1.018,0.969,0.661,0.136,0.109,0.676,0.971,0.962,0.693,0.998,0.109,0.955,0.136,0.142,0.125,0.959,0.671,0.694,0.673,0.136,0.976,0.668,0.989,0.108,0.154,0.16,0.162,0.131,0.16,0.133,0.151,0.143,0.147,0.129
64:00:06,0,0.157,0.115,0.141,0.146,0.107,0.106,0.145,0.106,0.13,0.146,0.11,0.1,0.679,0.986,0.668,0.097,0.981,0.099,0.632,0.155,0.11,0.975,0.691,0.094,0.89,0.959,0.672,0.987,0.664,0.107,0.105,0.094,0.955,0.67,0.674,0.656,0.123,0.946,0.106,0.109,0.117,0.126,0.944,0.883,0.123,0.661,0.128,0.689,0.68,0.107,0.106,0.656,0.674,0.122,0.98,0.098,0.967,0.882,0.713,0.139,0.136,0.922,0.683,0.981,0.678,0.127,1.01,0.961,0.654,0.128,0.107,0.668,0.963,0.95,0.682,0.987,0.103,0.945,0.125,0.13,0.121,0.953,0.665,0.685,0.667,0.127,0.967,0.658,0.98,0.102,0.139,0.141,0.144,0.122,0.14,0.123,0.134,0.13,0.129,0.118
64:30:06,0,0.193,0.12,0.164,0.171,0.112,0.114,0.179,0.118,0.165,0.186,0.111,0.107,0.686,0.985,0.679,0.104,0.995,0.109,0.646,0.208,0.12,0.981,0.694,0.101,0.9,0.968,0.688,1.002,0.676,0.121,0.107,0.1,0.967,0.677,0.68,0.668,0.143,0.96,0.115,0.126,0.115,0.135,0.952,0.892,0.131,0.669,0.149,0.695,0.689,0.114,0.107,0.665,0.682,0.132,0.993,0.105,0.981,0.899,0.725,0.181,0.148,0.932,0.687,0.984,0.681,0.139,1.023,0.973,0.66,0.15,0.106,0.675,0.974,0.963,0.692,1,0.111,0.957,0.145,0.159,0.127,0.96,0.67,0.692,0.672,0.142,0.979,0.662,0.99,0.109,0.161,0.173,0.174,0.135,0.171,0.139,0.158,0.149,0.158,0.137
65:00:06,0,0.184,0.114,0.159,0.165,0.106,0.103,0.172,0.109,0.154,0.172,0.1,0.096,0.673,0.977,0.669,0.094,0.982,0.099,0.637,0.193,0.11,0.973,0.683,0.09,0.888,0.961,0.674,0.99,0.664,0.104,0.099,0.092,0.959,0.666,0.67,0.658,0.135,0.951,0.108,0.115,0.108,0.127,0.945,0.882,0.122,0.66,0.138,0.684,0.68,0.104,0.1,0.656,0.67,0.125,0.984,0.097,0.972,0.889,0.715,0.171,0.143,0.925,0.676,0.979,0.668,0.132,1.012,0.963,0.649,0.14,0.1,0.665,0.965,0.953,0.681,0.99,0.104,0.949,0.137,0.148,0.119,0.95,0.664,0.682,0.664,0.134,0.97,0.649,0.981,0.101,0.15,0.161,0.162,0.125,0.158,0.128,0.146,0.137,0.144,0.212
65:30:06,0,0.18,0.111,0.155,0.16,0.105,0.102,0.161,0.108,0.148,0.166,0.101,0.095,0.665,0.972,0.665,0.094,0.98,0.098,0.632,0.181,0.106,0.966,0.679,0.09,0.885,0.952,0.668,0.99,0.658,0.107,0.099,0.089,0.956,0.662,0.659,0.651,0.128,0.948,0.103,0.113,0.105,0.122,0.941,0.879,0.119,0.653,0.13,0.677,0.674,0.101,0.098,0.651,0.663,0.121,0.98,0.095,0.968,0.881,0.709,0.159,0.135,0.919,0.671,0.977,0.661,0.125,1.006,0.96,0.642,0.131,0.1,0.658,0.96,0.95,0.673,0.986,0.1,0.945,0.132,0.137,0.115,0.944,0.657,0.678,0.661,0.129,0.964,0.642,0.976,0.098,0.15,0.157,0.157,0.124,0.156,0.127,0.145,0.137,0.143,0.162
66:00:06,0,0.186,0.116,0.16,0.165,0.107,0.104,0.173,0.113,0.16,0.174,0.098,0.097,0.666,0.971,0.671,0.094,0.982,0.1,0.639,0.194,0.11,0.971,0.68,0.091,0.886,0.958,0.671,0.992,0.661,0.11,0.096,0.09,0.956,0.661,0.66,0.653,0.135,0.948,0.107,0.117,0.106,0.125,0.942,0.88,0.121,0.655,0.135,0.677,0.677,0.101,0.097,0.653,0.662,0.123,0.982,0.095,0.969,0.885,0.711,0.168,0.141,0.922,0.671,0.98,0.658,0.129,1.012,0.961,0.642,0.139,0.099,0.656,0.961,0.949,0.671,0.986,0.1,0.945,0.131,0.142,0.117,0.947,0.656,0.678,0.666,0.134,0.969,0.64,0.98,0.1,0.152,0.163,0.166,0.126,0.162,0.128,0.148,0.139,0.148,0.145
66:30:06,0,0.187,0.115,0.162,0.168,0.107,0.106,0.174,0.113,0.16,0.18,0.106,0.103,0.668,0.977,0.675,0.101,0.985,0.105,0.641,0.202,0.115,0.974,0.683,0.097,0.891,0.961,0.676,0.996,0.665,0.117,0.104,0.096,0.962,0.664,0.662,0.655,0.138,0.952,0.111,0.136,0.11,0.13,0.946,0.886,0.126,0.658,0.144,0.679,0.68,0.108,0.103,0.656,0.665,0.128,0.986,0.101,0.974,0.889,0.714,0.175,0.146,0.923,0.673,0.983,0.659,0.134,1.015,0.966,0.644,0.142,0.103,0.658,0.965,0.954,0.674,0.991,0.107,0.95,0.136,0.148,0.121,0.948,0.661,0.681,0.666,0.139,0.972,0.64,0.981,0.107,0.157,0.169,0.17,0.131,0.167,0.134,0.155,0.144,0.153,0.337
67:00:06,0,0.18,0.112,0.153,0.159,0.102,0.1,0.162,0.106,0.147,0.163,0.099,0.095,0.654,0.966,0.664,0.093,0.978,0.098,0.633,0.182,0.107,0.966,0.67,0.09,0.88,0.951,0.661,0.986,0.65,0.101,0.096,0.09,0.952,0.65,0.648,0.643,0.13,0.945,0.104,0.109,0.117,0.122,0.938,0.876,0.119,0.647,0.129,0.666,0.669,0.101,0.098,0.646,0.653,0.121,0.979,0.094,0.967,0.88,0.704,0.161,0.138,0.916,0.663,0.977,0.647,0.127,1.009,0.958,0.632,0.134,0.097,0.648,0.957,0.946,0.663,0.984,0.1,0.944,0.131,0.138,0.115,0.94,0.65,0.672,0.659,0.129,0.964,0.628,0.974,0.095,0.151,0.158,0.158,0.124,0.157,0.126,0.146,0.136,0.143,0.115